0,1,2,3,4,5,6,7,8,9,10,11,12,13,14,15,16,17,18,19,20,21,22,23,24,25,26,27,28,29,30,31,32,33,34,35,36,37,38,39,40,41,42
0.0,0.6685495376586914,0.0,0.0,0.9901661276817322,1.0,0.0,0.0,0.0,0.0,0.0,0.0,1.0,0.0,0.0,1.0,0.0,0.0,0.0,0.0,1.0,0.0,0.0,0.11969555169343948,0.06089077144861221,0.21253681182861328,1.0,1.0,0.0,0.0,-0.6114218235015869,-0.4539543688297272,-1.1888322830200195,3.250217914581299,-0.4657987356185913,-0.3743051290512085,-0.5830047726631165,-1.5993393659591675,-1.859710931777954,-0.5435553193092346,-0.9976946711540222,-1.0630146265029907,-0.5340391993522644
0.0,1.0,0.0,0.0,0.502464234828949,0.0,0.0,0.0,1.0,0.0,0.0,0.0,0.0,1.0,0.0,0.0,0.0,1.0,0.0,0.0,1.0,0.0,1.0,1.0,0.0,1.0,1.0,1.0,1.0,0.06549157947301865,-0.6114218235015869,1.3102155923843384,1.5407154560089111,-0.7600319385528564,0.6640859842300415,-0.3743051290512085,0.0726061463356018,1.6108416318893433,1.544950246810913,3.3413467407226562,1.9270551204681396,0.3057520389556885,1.2707769870758057
0.7277886271476746,1.0,1.0,0.0,0.4887535870075226,0.0,0.0,1.0,0.0,0.0,0.0,0.0,1.0,0.0,0.0,0.0,1.0,0.0,0.0,1.0,0.0,0.0,0.0,0.0,1.0,0.0,1.0,1.0,0.31144681572914124,0.019650734961032867,1.0316951274871826,1.3102155923843384,-0.27898305654525757,0.39502590894699097,-0.8778247237205505,0.3751758635044098,1.1197481155395508,0.7804782390594482,-0.15738032758235931,1.2361146211624146,0.19931967556476593,-0.4011234939098358,-0.7891594767570496
0.0,0.027186743915081024,0.0,0.0,0.7328338027000427,1.0,0.0,0.0,0.0,0.0,0.0,0.0,1.0,0.0,0.0,1.0,0.0,0.0,0.0,0.0,1.0,0.0,0.0,0.8700689673423767,1.0,1.0,1.0,1.0,1.0,0.7921118140220642,0.21013668179512024,0.4281306266784668,0.6551485657691956,-0.7600319385528564,-1.0664633512496948,-0.3743051290512085,0.0726061463356018,-1.1826181411743164,1.544950246810913,-0.044592954218387604,1.9016050100326538,0.5818818807601929,-0.4159047305583954
0.0,1.0,0.0,1.0,1.0,0.0,1.0,0.0,0.0,0.0,0.0,0.0,1.0,0.0,0.0,1.0,0.0,0.0,0.0,0.0,1.0,0.0,0.0,1.0,0.0,1.0,1.0,1.0,1.0,0.10347234457731247,0.21013668179512024,-1.336039423942566,-1.1888322830200195,0.5767179727554321,-0.27983495593070984,0.05054613947868347,0.1633976399898529,0.09016477316617966,0.6937849521636963,-0.5435553193092346,-0.21850833296775818,1.0129024982452393,-0.7891594767570496
0.9432783126831055,1.0,0.0,0.0,0.9884572625160217,0.0,0.0,1.0,0.0,0.0,0.0,0.0,1.0,0.0,0.0,0.0,1.0,0.0,0.0,0.0,1.0,0.0,0.0,0.0,1.0,0.0,0.0,1.0,1.0,0.0,0.1471746414899826,-1.336039423942566,-1.2005592584609985,-0.7600319385528564,0.10848227888345718,-0.3743051290512085,0.07636579126119614,0.7804782390594482,-0.1830386519432068,0.42955315113067627,1.3398642539978027,1.0129024982452393,0.04388350248336792
1.0,0.0,0.9411290287971497,0.0,1.0,1.0,0.0,0.0,0.0,0.0,0.0,0.0,1.0,0.0,0.0,1.0,0.0,0.0,0.0,0.0,1.0,0.0,0.0,1.0,0.0,0.0,1.0,1.0,1.0,0.0,0.21013668179512024,-2.2181243896484375,-2.0986814498901367,0.5767179727554321,-0.043780114501714706,-0.3743051290512085,0.46654555201530457,0.7804782390594482,-0.3560459017753601,-0.5435553193092346,-0.9976946711540222,1.0129024982452393,-0.7891594767570496
0.8222511410713196,1.0,0.6896756887435913,0.0,1.0,0.0,0.0,0.0,1.0,0.0,0.0,0.0,1.0,0.0,0.0,1.0,0.0,0.0,0.0,0.0,1.0,0.0,0.0,0.0,0.12173683196306229,0.12783825397491455,1.0,0.0,1.0,0.0,0.8679997324943542,0.4281306266784668,-0.1276317685842514,-0.7600319385528564,0.14370420575141907,-0.07222714275121689,-2.015424966812134,-0.25252676010131836,-1.859710931777954,0.5038058161735535,-0.21850833296775818,1.0129024982452393,-0.7891594767570496
0.6588376760482788,0.0,0.0,0.0,0.790298581123352,1.0,0.0,0.0,0.0,0.0,0.0,0.0,1.0,0.0,0.0,0.0,1.0,0.0,0.0,0.0,1.0,0.0,0.0,0.0,0.0,0.0,1.0,1.0,0.2028508484363556,1.0,0.21013668179512024,0.4281306266784668,-0.24689042568206787,0.5767179727554321,-0.46413350105285645,-0.3743051290512085,0.2979932427406311,-0.17164653539657593,-0.15738032758235931,0.44492870569229126,-0.21850833296775818,-1.7549870014190674,-0.15504449605941772
0.9270911812782288,0.0,0.0,0.8031783103942871,0.814634382724762,1.0,0.0,0.0,0.0,0.0,0.0,0.0,1.0,0.0,0.0,1.0,0.0,0.0,0.0,1.0,0.0,0.0,0.038234643638134,0.23139318823814392,0.0453115776181221,0.008926257491111755,1.0,1.0,1.0,0.08322884887456894,0.21013668179512024,-1.2249460220336914,-0.27898305654525757,-0.7600319385528564,-0.6074423789978027,-0.3743051290512085,1.1197481155395508,1.7240009307861328,-1.859710931777954,-0.5435553193092346,-0.9976946711540222,-0.3710421919822693,-0.7891594767570496
0.6293269395828247,0.0,1.0,0.0,0.8010762333869934,0.0,0.0,1.0,0.0,0.0,0.0,0.0,1.0,0.0,0.0,1.0,0.0,0.0,0.0,0.0,1.0,0.0,0.0,1.0,0.0,0.0,1.0,1.0,1.0,0.0,-0.6114218235015869,-0.3609272539615631,-0.27898305654525757,1.9134678840637207,0.30141058564186096,-0.3743051290512085,0.18321135640144348,0.7804782390594482,1.544950246810913,-0.5435553193092346,-0.9976946711540222,0.27128997445106506,-0.4945200979709625
0.0,1.0,0.0,0.0,0.5156068205833435,1.0,0.0,0.0,0.0,0.0,1.0,0.0,0.0,0.0,0.0,1.0,0.0,0.0,0.0,0.0,1.0,0.0,0.0,1.0,0.0,1.0,1.0,0.5309138894081116,1.0,0.0,1.3028393983840942,1.3102155923843384,0.6308661699295044,-0.7600319385528564,0.30361878871917725,0.22844088077545166,0.498089998960495,0.7804782390594482,1.5405250787734985,-0.5435553193092346,0.38982585072517395,-0.5815334916114807,0.8292808532714844
0.0,1.0,0.0,0.0,1.0,0.0,0.0,0.0,1.0,0.0,0.0,0.0,1.0,0.0,0.0,1.0,0.0,0.0,0.0,0.0,1.0,0.0,0.0,0.0,0.0,0.0,1.0,0.023043453693389893,1.0,0.03157006949186325,0.919676661491394,0.6688224077224731,-0.27898305654525757,-0.7600319385528564,-0.4722151756286621,-0.3743051290512085,0.08241242915391922,0.602747917175293,1.544950246810913,-0.1431238353252411,1.1968557834625244,1.0129024982452393,0.7027217745780945
0.8342280387878418,0.0,1.0,0.0,0.3555038571357727,0.0,0.0,1.0,0.0,0.0,0.0,0.0,1.0,0.0,0.0,0.0,1.0,0.0,0.0,0.0,0.0,1.0,0.0,1.0,0.060823433101177216,0.0,1.0,1.0,1.0,0.0,1.8532536029815674,-1.336039423942566,-1.1888322830200195,1.9134678840637207,-0.07667268812656403,-0.3743051290512085,0.0726061463356018,0.7804782390594482,0.6937849521636963,0.21626102924346924,0.23899579048156738,0.05520950257778168,-0.29932263493537903
0.0,0.0,1.0,0.0,0.0,0.0,0.0,1.0,0.0,0.0,0.0,0.0,0.0,1.0,0.0,0.0,1.0,0.0,0.0,0.0,1.0,0.0,0.0,0.0,0.0,0.0,0.0,0.0,1.0,1.0,1.0316951274871826,0.4281306266784668,-0.27898305654525757,0.5767179727554321,0.14032787084579468,-0.3743051290512085,0.0726061463356018,-2.0758960247039795,-1.859710931777954,-0.5435553193092346,-0.9976946711540222,1.0129024982452393,2.445563554763794
0.827386200428009,0.0,1.0,0.0,0.6631476283073425,1.0,0.0,0.0,0.0,0.0,0.0,0.0,1.0,0.0,0.0,1.0,0.0,0.0,0.0,1.0,0.0,0.0,0.0,0.0,0.0,0.0,1.0,1.0,0.1545373499393463,1.0,0.21013668179512024,0.6470488905906677,-0.27898305654525757,-0.7600319385528564,0.37236955761909485,0.585461437702179,0.11683527380228043,1.7326030731201172,0.6937849521636963,-0.5435553193092346,-0.21850833296775818,1.0129024982452393,-0.7891594767570496
0.0,1.0,0.8240406513214111,0.0,0.7778588533401489,1.0,0.0,0.0,0.0,0.0,0.0,0.0,1.0,0.0,0.0,1.0,0.0,0.0,0.0,0.0,1.0,0.0,0.0,0.0,0.0,0.880140483379364,1.0,1.0,0.6860577464103699,0.0,0.21013668179512024,1.0263878107070923,1.5407154560089111,1.8635481595993042,0.4954378306865692,-0.3743051290512085,1.1197481155395508,0.7804782390594482,1.544950246810913,0.5385532975196838,0.6666346788406372,0.5654745697975159,-0.6150339841842651
0.0,1.0,0.9377555251121521,0.28656908869743347,0.9181889295578003,0.0,0.0,1.0,0.0,0.0,1.0,0.0,0.0,0.0,0.0,1.0,0.0,0.0,0.0,0.0,1.0,0.0,0.0,0.0,0.0,0.022115416824817657,1.0,1.0,0.2988954782485962,0.0,-0.6114218235015869,-1.3242346048355103,-0.27898305654525757,-0.7600319385528564,-0.025151893496513367,-0.3743051290512085,0.0726061463356018,0.6511644124984741,0.6937849521636963,-0.2307347059249878,1.3398642539978027,0.7304894328117371,-0.7891594767570496
0.11994993686676025,0.0,0.0,1.0,0.8437206745147705,0.0,0.0,1.0,0.0,0.0,1.0,0.0,0.0,0.0,0.0,0.0,0.0,0.0,1.0,0.0,1.0,0.0,1.0,0.0,0.0,0.0,1.0,1.0,0.1507980227470398,0.0,1.0316951274871826,-1.336039423942566,-1.1888322830200195,0.5767179727554321,1.0942301750183105,-0.3743051290512085,-1.6896356344223022,-0.6011784672737122,1.544950246810913,-0.5435553193092346,1.3398642539978027,-0.3772279918193817,0.32523757219314575
0.48405176401138306,1.0,1.0,0.0,1.0,0.0,0.0,0.0,1.0,0.0,0.0,0.0,0.0,1.0,0.0,1.0,0.0,0.0,0.0,0.0,1.0,0.0,0.0,1.0,0.0,1.0,1.0,1.0,1.0,1.0,-0.6114218235015869,-0.4539543688297272,-0.27898305654525757,0.23408961296081543,-0.16034136712551117,-0.3743051290512085,1.1197481155395508,0.7804782390594482,-0.15738032758235931,-0.3029364049434662,1.3398642539978027,0.3209301829338074,0.5047297477722168
0.0,0.0,0.0,1.0,0.0,0.0,0.0,1.0,0.0,0.0,0.0,0.0,1.0,0.0,0.0,0.0,1.0,0.0,0.0,0.0,1.0,0.0,0.0,1.0,0.0,0.09318699687719345,0.0,0.0,1.0,0.0,0.21013668179512024,-0.4539543688297272,-0.27898305654525757,-0.7600319385528564,-0.5591780543327332,0.6208386421203613,-0.9115253686904907,-2.0758960247039795,-1.0085456371307373,-0.5435553193092346,-0.9976946711540222,-1.7549870014190674,0.6325420141220093
0.8714732527732849,0.0,0.0,1.0,0.993887186050415,0.0,0.0,1.0,0.0,0.0,0.0,0.0,1.0,0.0,0.0,0.0,1.0,0.0,0.0,0.0,1.0,0.0,0.0,1.0,0.0,1.0,1.0,1.0,1.0,0.0,-0.6114218235015869,1.3102155923843384,-1.1888322830200195,0.5767179727554321,0.09358377009630203,-0.3743051290512085,-3.068819999694824,-1.1237713098526,0.6937849521636963,0.5385532975196838,-0.21850833296775818,-1.7549870014190674,0.8752551078796387
0.5445968508720398,1.0,0.5445968508720398,0.0,0.5445968508720398,0.0,0.0,1.0,0.0,0.0,0.0,0.0,1.0,0.0,0.0,0.0,0.0,1.0,0.0,0.0,1.0,0.0,0.0,0.0,0.0,1.0,1.0,0.45540305972099304,0.45540305972099304,1.0,0.21013668179512024,-0.4539543688297272,-0.8156237602233887,-0.06400137394666672,1.2900545597076416,-0.3743051290512085,1.1197481155395508,0.7165015339851379,0.9948279857635498,1.5126994848251343,1.6896026134490967,-0.9139388799667358,-0.17894113063812256
0.0,1.0,0.0,1.0,0.9683969020843506,0.0,0.0,1.0,0.0,0.0,0.0,0.0,1.0,0.0,0.0,1.0,0.0,0.0,0.0,0.0,1.0,0.0,0.0,0.0,0.0,0.30701756477355957,0.9741308689117432,0.2736423909664154,1.0,1.0,1.0316951274871826,-1.336039423942566,-1.1340711116790771,-0.7600319385528564,0.6030043363571167,-0.05039014667272568,-2.0216779708862305,-0.7400532960891724,1.544950246810913,0.19489926099777222,1.9924908876419067,0.29404643177986145,-0.7891594767570496
0.0,1.0,0.0,0.0,0.27735450863838196,0.0,0.0,1.0,0.0,0.0,0.0,0.0,1.0,0.0,0.0,0.0,1.0,0.0,0.0,0.0,1.0,0.0,0.0,1.0,0.0,0.0,1.0,1.0,1.0,0.0,0.21013668179512024,0.21642842888832092,-1.1888322830200195,-0.7600319385528564,-0.5795174241065979,-0.3743051290512085,1.1197481155395508,0.7804782390594482,1.544950246810913,-0.5435553193092346,-0.21850833296775818,-0.31323719024658203,3.3916666507720947
0.0,0.0,0.0,0.0,0.0,0.0,0.0,1.0,0.0,0.0,0.0,0.0,1.0,0.0,0.0,0.0,1.0,0.0,0.0,0.0,1.0,0.0,0.0,0.0,0.0,0.0,1.0,1.0,0.0,0.0,-0.6114218235015869,-0.4539543688297272,-0.27898305654525757,-0.7600319385528564,-1.084760069847107,0.3850230574607849,1.1197481155395508,-0.17164653539657593,0.6937849521636963,-0.5435553193092346,-0.9976946711540222,1.003391981124878,0.4014672636985779
0.23699089884757996,1.0,0.0,0.0,0.9160717725753784,0.0,1.0,0.0,0.0,0.0,0.0,0.0,1.0,0.0,0.0,1.0,0.0,0.0,0.0,0.0,1.0,0.0,0.0,1.0,0.0,0.0443134680390358,1.0,1.0,1.0,0.0,0.21013668179512024,0.4281306266784668,0.6461431384086609,0.5130828022956848,0.42460599541664124,-0.11055140942335129,0.0726061463356018,1.602529525756836,0.6937849521636963,0.5385532975196838,0.5606780052185059,-0.3710421919822693,-0.5575215816497803
0.5692082643508911,0.0,0.0,0.0,0.5581722259521484,0.0,0.0,1.0,0.0,0.0,0.0,0.0,1.0,0.0,0.0,1.0,0.0,0.0,0.0,0.0,1.0,0.0,0.0,0.0,0.0,1.0,1.0,1.0,0.10509956628084183,1.0,1.0316951274871826,-1.336039423942566,-1.1888322830200195,1.9134678840637207,1.3491910696029663,0.5240347385406494,-0.686583936214447,0.4308667480945587,0.6937849521636963,0.40877607464790344,-0.21850833296775818,1.0129024982452393,-0.6763375401496887
0.4491862952709198,1.0,0.43259161710739136,0.0,0.8526934385299683,1.0,0.0,0.0,0.0,0.0,0.0,0.0,1.0,0.0,0.0,1.0,0.0,0.0,0.0,0.0,1.0,0.0,0.0,1.0,1.0,0.0,1.0,1.0,0.0,0.0852578803896904,1.0316951274871826,-1.336039423942566,0.6308661699295044,-0.006572529673576355,0.6757157444953918,-0.3743051290512085,-0.9745358824729919,-0.341321736574173,0.5008909106254578,0.2924708425998688,0.8244431018829346,-0.6820855736732483,-0.7891594767570496
0.5621416568756104,0.8530784249305725,0.4655311703681946,1.0,1.0,1.0,0.0,0.0,0.0,0.0,0.0,0.0,0.0,1.0,0.0,0.0,0.0,1.0,0.0,1.0,0.0,0.0,0.0,1.0,0.08586926013231277,1.0,1.0,0.0,1.0,1.0,1.0316951274871826,-1.3780189752578735,-0.27898305654525757,1.9134678840637207,-0.07926639914512634,-0.3743051290512085,0.23266363143920898,-0.5991342067718506,-0.5966029763221741,0.17502248287200928,0.5606780052185059,-0.3765161633491516,-0.3291377127170563
0.0,1.0,0.0,0.0,1.0,0.0,0.0,0.0,1.0,0.0,0.0,0.0,0.0,1.0,0.0,0.0,0.0,1.0,0.0,0.0,1.0,0.0,0.0,0.0,0.0,0.0,0.0,0.15126919746398926,1.0,0.0,-0.49846896529197693,-0.41713500022888184,-1.5340392589569092,-0.7600319385528564,-0.33552059531211853,-0.04357873648405075,-0.9745358824729919,-1.1237713098526,0.585637629032135,0.5385532975196838,2.1190507411956787,1.0129024982452393,0.07343336194753647
0.5847313404083252,0.0,0.9513952732086182,1.0,0.0,0.0,0.0,1.0,0.0,0.0,0.0,0.0,1.0,0.0,0.0,1.0,0.0,0.0,0.0,0.0,0.0,1.0,0.0,1.0,0.07408197969198227,0.05477520078420639,0.35856765508651733,0.0,0.022261910140514374,1.0,1.0316951274871826,0.4281306266784668,-0.27898305654525757,0.3134954869747162,2.212494373321533,1.2669317722320557,-0.7304297685623169,-0.32043302059173584,-1.0085456371307373,-0.5435553193092346,-0.9976946711540222,-1.0630146265029907,-0.4080359637737274
0.0,0.0,0.0,0.0,0.0,0.0,0.0,0.0,1.0,0.0,1.0,0.0,0.0,0.0,0.0,1.0,0.0,0.0,0.0,0.0,1.0,0.0,0.0,1.0,0.0,1.0,1.0,1.0,0.25061383843421936,1.0,-0.46492108702659607,0.5431642532348633,-0.03239690512418747,0.36036139726638794,0.5395906567573547,0.5949394106864929,-1.9319419860839844,1.6117788553237915,1.544950246810913,-0.5435553193092346,-0.9976946711540222,-1.7549870014190674,-0.09201475232839584
0.9743078351020813,0.0,1.0,0.0,0.533107578754425,0.0,0.0,1.0,0.0,0.0,0.0,0.0,1.0,0.0,0.0,1.0,0.0,0.0,0.0,0.0,1.0,0.0,0.0,1.0,0.0,1.0,0.0085262730717659,1.0,1.0,1.0,0.21013668179512024,0.4411664307117462,-1.1888322830200195,0.47915759682655334,0.9164745807647705,1.1305776834487915,1.1197481155395508,0.7804782390594482,0.6937849521636963,-0.5435553193092346,-0.9976946711540222,0.9988882541656494,-0.7891594767570496
0.3561412990093231,1.0,0.0,0.0,1.0,0.0,0.0,0.0,1.0,0.0,0.0,0.0,0.0,1.0,0.0,1.0,0.0,0.0,0.0,1.0,0.0,0.0,0.0,1.0,0.0,1.0,0.0,1.0,1.0,0.0,-1.4329802989959717,0.9142498970031738,0.6308661699295044,0.08704110980033875,-1.1228084564208984,-0.3743051290512085,0.11341113597154617,-0.17164653539657593,-0.15738032758235931,0.5385532975196838,1.3398642539978027,-0.3710421919822693,1.4001442193984985
0.0,0.42108994722366333,0.0,1.0,0.902660608291626,0.0,0.0,0.0,1.0,0.0,0.0,0.0,1.0,0.0,0.0,1.0,0.0,0.0,0.0,0.0,1.0,0.0,0.0,0.0,0.0,1.0,0.0,0.0,1.0,0.0,0.3010593056678772,-0.3230345845222473,-1.2217921018600464,1.328583002090454,2.030569553375244,-0.24095594882965088,0.0726061463356018,-0.2169015109539032,1.544950246810913,2.0719425678253174,1.3398642539978027,1.0129024982452393,-0.6721071600914001
1.0,0.0,1.0,1.0,1.0,0.0,0.0,1.0,0.0,0.0,0.0,0.0,1.0,0.0,0.0,0.0,1.0,0.0,0.0,0.0,1.0,0.0,0.0,1.0,0.0,0.0,1.0,1.0,1.0,1.0,-0.6114218235015869,-0.4539543688297272,-1.1888322830200195,-0.7600319385528564,-1.0609766244888306,-0.3743051290512085,1.1197481155395508,0.7804782390594482,-0.15738032758235931,-0.5435553193092346,-0.9976946711540222,1.0078407526016235,-0.39616918563842773
0.0,0.0,0.0,0.0,1.0,0.0,0.0,1.0,0.0,0.0,0.0,0.0,1.0,0.0,0.0,1.0,0.0,0.0,0.0,0.0,1.0,0.0,0.0,0.0,0.0,0.0,1.0,0.0,1.0,0.0,1.0316951274871826,0.4281306266784668,0.6308661699295044,0.5767179727554321,-0.17389392852783203,-0.3743051290512085,0.2842894494533539,-2.0758960247039795,-1.859710931777954,-0.5435553193092346,-0.9976946711540222,-0.3710421919822693,2.0269203186035156
0.0,1.0,0.9268213510513306,0.0,1.0,1.0,0.0,0.0,0.0,0.0,0.0,0.0,1.0,0.0,0.0,0.0,1.0,0.0,0.0,0.0,1.0,0.0,0.0,0.0,0.0,0.0,1.0,1.0,0.0,0.0,0.19018149375915527,-1.336039423942566,-0.27898305654525757,-0.7600319385528564,0.12686815857887268,-0.3743051290512085,-0.9745358824729919,-2.0758960247039795,-0.15738032758235931,-0.5435553193092346,2.1190507411956787,-0.3710421919822693,0.5047297477722168
0.3693833649158478,0.0,1.0,0.0,0.4058205187320709,1.0,0.0,0.0,0.0,0.0,1.0,0.0,0.0,0.0,0.0,1.0,0.0,0.0,0.0,1.0,0.0,0.0,0.0,1.0,0.0,1.0,1.0,0.6873451471328735,1.0,1.0,0.30848172307014465,-1.336039423942566,-1.1888322830200195,0.5767179727554321,0.3334989845752716,-0.3743051290512085,-0.5281897187232971,1.7326030731201172,1.544950246810913,0.18941323459148407,-0.3144344389438629,0.1472758650779724,-0.6763767600059509
0.5554585456848145,0.0,1.0,0.0,0.9605756402015686,0.0,0.0,1.0,0.0,0.0,0.0,0.0,1.0,0.0,0.0,1.0,0.0,0.0,0.0,1.0,0.0,0.0,0.0,1.0,0.0,0.04029460996389389,1.0,0.24908554553985596,1.0,0.0,-0.601159930229187,-0.4357491731643677,-0.27898305654525757,1.9134678840637207,0.12620648741722107,-0.3743051290512085,-0.9082450270652771,0.7804782390594482,1.544950246810913,-0.5435553193092346,-0.2832624018192291,-1.7549870014190674,-0.6308613419532776
0.0,1.0,0.0,0.0,0.7492199540138245,1.0,0.0,0.0,0.0,0.0,0.0,0.0,1.0,0.0,0.0,0.0,0.0,0.0,1.0,0.0,0.0,1.0,1.0,1.0,0.0,0.14632046222686768,0.15826591849327087,1.0,1.0,0.0,-0.6114218235015869,0.5350958108901978,0.6308661699295044,1.887176752090454,0.1081918403506279,0.19355063140392303,1.1197481155395508,-0.17164653539657593,-0.15738032758235931,-0.5435553193092346,0.47385990619659424,-1.388671636581421,-0.16574692726135254
0.2527744770050049,1.0,0.0,0.0,0.8214265704154968,0.0,0.0,0.0,1.0,0.0,0.0,0.0,0.0,1.0,0.0,0.0,1.0,0.0,0.0,0.0,1.0,0.0,0.0,0.9779696464538574,0.0,1.0,1.0,1.0,1.0,0.2649328410625458,0.21013668179512024,0.4281306266784668,0.6308661699295044,-0.7600319385528564,-0.2814156711101532,-0.3743051290512085,0.0726061463356018,-2.0758960247039795,0.6937849521636963,3.146921157836914,2.008357286453247,-0.5001934766769409,0.5026201009750366
0.0,0.0,0.0,1.0,0.0,1.0,0.0,0.0,0.0,0.0,0.0,0.0,1.0,0.0,0.0,0.0,1.0,0.0,0.0,0.0,0.0,1.0,0.0,0.029942817986011505,0.0,0.2018113136291504,1.0,0.0,1.0,0.0,1.8532536029815674,-0.4539543688297272,0.6308661699295044,0.5767179727554321,1.3971227407455444,-0.3743051290512085,-1.9974653720855713,-1.2881314754486084,-0.9337462186813354,0.7868637442588806,1.3398642539978027,1.0129024982452393,1.8073415756225586
0.488512247800827,0.9600692391395569,1.0,0.0,0.6741397976875305,0.0,0.0,1.0,0.0,0.0,0.0,1.0,0.0,0.0,0.0,0.0,0.0,1.0,0.0,0.0,1.0,0.0,0.03847192972898483,0.0,0.0,0.12130429595708847,0.357138991355896,1.0,0.13414892554283142,0.022960439324378967,-0.5486268997192383,0.673776388168335,1.5407154560089111,1.8625752925872803,0.5889905095100403,-0.3743051290512085,-0.7959834933280945,0.7622516751289368,1.544950246810913,-0.5435553193092346,-0.6349023580551147,0.835365355014801,-0.5417205691337585
0.0,1.0,1.0,0.0,1.0,0.0,0.0,1.0,0.0,0.0,0.0,0.0,1.0,0.0,0.0,1.0,0.0,0.0,0.0,0.0,1.0,0.0,0.6683418154716492,1.0,0.0,0.0,1.0,1.0,1.0,1.0,0.15035846829414368,0.943450927734375,-0.27776944637298584,-0.7600319385528564,0.3256686329841614,0.9847123026847839,0.0726061463356018,0.7804782390594482,0.6937849521636963,-0.5435553193092346,1.2768789529800415,-0.6586866974830627,-0.6182741522789001
0.0,0.12400483340024948,0.0,1.0,0.5419792532920837,1.0,0.0,0.0,0.0,0.0,1.0,0.0,0.0,0.0,0.0,1.0,0.0,0.0,0.0,0.0,1.0,0.0,0.0,0.0,0.0,0.05149935930967331,1.0,1.0,1.0,0.0,-0.5764679312705994,-0.8715516924858093,-1.118312954902649,-0.7600319385528564,0.4734826385974884,-0.3743051290512085,-0.2587480843067169,0.5035070180892944,0.6920105218887329,1.0386266708374023,0.528671145439148,-1.7549870014190674,-0.7891594767570496
0.8695028424263,0.0,1.0,0.0,1.0,1.0,0.0,0.0,0.0,0.0,0.0,0.0,0.0,1.0,0.0,0.0,0.0,1.0,0.0,0.0,1.0,0.0,0.0,1.0,0.0,1.0,1.0,1.0,1.0,0.0,-0.6110570430755615,-0.4539543688297272,0.6308661699295044,0.5767179727554321,0.15341034531593323,-0.3743051290512085,-0.9745358824729919,-0.17164653539657593,-0.15738032758235931,-0.5435553193092346,-0.9976946711540222,-1.0630146265029907,-0.7891594767570496
0.11987964063882828,0.0,0.653706967830658,0.0,0.5117473006248474,1.0,0.0,0.0,0.0,0.0,0.0,0.0,1.0,0.0,0.0,1.0,0.0,0.0,0.0,1.0,0.0,0.0,1.0,1.0,0.3235388696193695,0.0,1.0,1.0,0.0,0.5068159103393555,-0.6114218235015869,-1.1590865850448608,-1.289171814918518,0.38061589002609253,1.5395781993865967,0.9609536528587341,-0.3194013237953186,0.677389919757843,-0.15738032758235931,-0.5435553193092346,-0.9976946711540222,-1.2776039838790894,-0.7891594767570496
0.0,0.0,0.0,0.9996676445007324,0.0,0.0,0.0,0.0,1.0,0.0,0.0,0.0,1.0,0.0,0.0,1.0,0.0,0.0,0.0,0.0,1.0,0.0,0.0,0.0,0.04476744681596756,0.0,1.0,1.0,1.0,0.04574500769376755,-1.4329802989959717,-0.4539543688297272,-1.4295991659164429,2.4303338527679443,0.17311930656433105,-0.3743051290512085,0.4391036927700043,0.36522650718688965,1.478799819946289,0.44326478242874146,2.1132967472076416,1.0129024982452393,-0.7891594767570496
0.0,0.0,0.7536022067070007,0.0,0.9661353826522827,0.0,0.0,1.0,0.0,0.0,0.0,0.0,0.0,1.0,0.0,0.0,0.0,0.0,1.0,0.0,1.0,0.0,0.0,1.0,0.0,1.0,1.0,1.0,0.04929453879594803,1.0,-0.593821108341217,-1.336039423942566,-1.1888322830200195,0.5767179727554321,-0.8193379640579224,-0.3743051290512085,-0.7780319452285767,-0.3635930120944977,-0.15738032758235931,-0.5435553193092346,-0.21850833296775818,-1.7549870014190674,0.6259428262710571
0.0,1.0,0.0,1.0,0.5294663906097412,0.0,0.0,0.0,1.0,0.0,0.0,0.0,0.0,1.0,0.0,1.0,0.0,0.0,0.0,0.0,1.0,0.0,0.0,0.0,0.0,0.0,0.028858236968517303,1.0,1.0,0.008149445056915283,0.21013668179512024,0.8375874161720276,-1.1888322830200195,0.13104002177715302,-0.18510857224464417,-0.3743051290512085,-1.8799184560775757,0.41642192006111145,1.5266339778900146,1.5972323417663574,1.2103160619735718,-1.1844722032546997,-0.2667553722858429
0.9982855319976807,0.0,0.0,0.0,1.0,0.0,0.0,1.0,0.0,0.0,0.0,0.0,1.0,0.0,0.0,1.0,0.0,0.0,0.0,0.0,1.0,0.0,0.0,0.0,0.03209013491868973,1.0,1.0,1.0,0.0,0.0,1.0316951274871826,-1.34171462059021,-1.1888322830200195,0.5767179727554321,0.4013166129589081,-0.3743051290512085,-3.0412299633026123,-2.0758960247039795,-1.859710931777954,-0.5435553193092346,-0.9976946711540222,1.0129024982452393,0.42880991101264954
1.0,0.7205164432525635,0.8825083374977112,0.0,0.9853829145431519,0.0,0.0,1.0,0.0,0.0,0.0,0.0,1.0,0.0,0.0,1.0,0.0,0.0,0.0,0.0,0.0,1.0,0.0,1.0,0.30095478892326355,0.0,1.0,0.0,1.0,1.0,2.674812078475952,-1.3842353820800781,-1.2372349500656128,0.18700027465820312,1.0247217416763306,-0.37391096353530884,0.3811764121055603,0.774337112903595,-0.6466761231422424,-0.22262686491012573,1.3398642539978027,0.3209301829338074,1.569868803024292
0.8453079462051392,0.0,0.8060377836227417,1.0,1.0,0.0,0.0,1.0,0.0,0.0,0.0,0.0,0.0,1.0,0.0,1.0,0.0,0.0,0.0,0.0,1.0,0.0,0.0,1.0,0.0,0.0,1.0,1.0,1.0,1.0,-1.4329802989959717,-1.336039423942566,-1.1888322830200195,0.5767179727554321,-0.10359550267457962,-0.10999951511621475,0.460736483335495,0.7804782390594482,-0.15738032758235931,-0.5435553193092346,-0.21850833296775818,-1.0630146265029907,-0.5208616256713867
0.0,0.8210846185684204,0.0,0.7059107422828674,0.0,0.0,1.0,0.0,0.0,0.0,0.0,1.0,0.0,0.0,0.0,0.0,0.0,1.0,0.0,1.0,0.0,0.0,0.12097936123609543,0.0,0.0,0.0,1.0,1.0,0.535101056098938,0.0,-1.4329802989959717,1.3102155923843384,-0.27898305654525757,0.2099951058626175,-0.7767939567565918,-0.3743051290512085,1.1197481155395508,1.6980947256088257,1.544950246810913,1.343041181564331,1.3398642539978027,1.0129024982452393,-0.3215365409851074
0.5621832013130188,0.6103036999702454,0.6872173547744751,0.0,0.7478731274604797,0.0,0.0,1.0,0.0,0.0,0.0,0.0,0.0,1.0,0.0,1.0,0.0,0.0,0.0,0.0,1.0,0.0,0.0,1.0,0.0,1.0,1.0,0.9429430365562439,0.0,0.0,-1.4329802989959717,-1.336039423942566,-0.28438442945480347,1.9134678840637207,1.0389177799224854,-0.3743051290512085,1.1197481155395508,1.4799591302871704,1.0518453121185303,-0.5435553193092346,0.5502774119377136,1.0129024982452393,1.0410617589950562
0.0,1.0,0.0,0.0,0.6004844307899475,0.0,0.0,1.0,0.0,0.0,1.0,0.0,0.0,0.0,0.0,1.0,0.0,0.0,0.0,0.0,0.0,1.0,0.0,1.0,0.0,1.0,0.13221663236618042,0.0,1.0,1.0,1.1116689443588257,0.14365482330322266,-0.20514705777168274,-0.7600319385528564,0.665312647819519,-0.3743051290512085,0.7839629054069519,0.7804782390594482,-0.15738032758235931,0.5385532975196838,-0.21850833296775818,-1.7549870014190674,3.589923620223999
0.4720908999443054,0.0,0.9607476592063904,0.0,0.5769191980361938,1.0,0.0,0.0,0.0,0.0,1.0,0.0,0.0,0.0,0.0,1.0,0.0,0.0,0.0,0.0,1.0,0.0,0.0,0.3897780776023865,0.0,0.4400670826435089,0.4281245768070221,0.5121724605560303,1.0,1.0,1.2616835832595825,-1.2572706937789917,-1.0224010944366455,0.5767179727554321,0.38538825511932373,-0.3743051290512085,-0.7606725096702576,-1.1237713098526,-0.15738032758235931,-0.5435553193092346,-0.9976946711540222,-1.1310250759124756,-0.7891594767570496
0.0,0.0,0.0,0.0,0.6931410431861877,0.0,1.0,0.0,0.0,0.0,0.0,0.0,1.0,0.0,0.0,0.0,1.0,0.0,0.0,0.0,0.0,1.0,0.0,0.7041744589805603,0.0,0.0,1.0,1.0,1.0,1.0,1.8532536029815674,1.3102155923843384,1.5407154560089111,-0.7600319385528564,-0.7642439603805542,0.442698210477829,-0.9450612664222717,-1.2440764904022217,1.544950246810913,2.282134532928467,1.1910722255706787,0.9754300713539124,0.13094395399093628
1.0,1.0,0.0,0.0,1.0,1.0,0.0,0.0,0.0,0.0,0.0,0.0,0.0,1.0,0.0,0.0,0.0,1.0,0.0,0.0,1.0,0.0,0.0,0.0,0.00022014975547790527,0.0,1.0,1.0,1.0,1.0,0.1806844174861908,-1.336039423942566,-1.1888322830200195,1.9134678840637207,0.21649745106697083,-0.3743051290512085,1.1197481155395508,-2.0758960247039795,-0.15738032758235931,1.6188946962356567,0.5606780052185059,-1.7549870014190674,-0.7891594767570496
0.87544184923172,0.0,0.0,0.0,1.0,1.0,0.0,0.0,0.0,0.0,0.0,0.0,1.0,0.0,0.0,0.0,1.0,0.0,0.0,0.0,1.0,0.0,1.0,1.0,0.0,0.0,0.0,1.0,1.0,0.0,-1.4329802989959717,-0.4539543688297272,-1.1888322830200195,-0.7600319385528564,0.24701178073883057,-0.3743051290512085,0.07385974377393723,0.7804782390594482,-1.0085456371307373,1.6206618547439575,0.5606780052185059,-1.0630146265029907,-0.7891594767570496
0.0,0.0,0.0,0.9040516018867493,0.0,1.0,0.0,0.0,0.0,0.0,0.0,0.0,1.0,0.0,0.0,1.0,0.0,0.0,0.0,0.0,1.0,0.0,0.0,1.0,0.0,0.0,1.0,0.4148090183734894,0.0,0.11314592510461807,1.8532536029815674,-1.2812983989715576,-1.073177456855774,-0.7600319385528564,1.3525817394256592,-0.3743051290512085,-2.7977490425109863,0.605714738368988,0.6937849521636963,-0.5435553193092346,-0.9976946711540222,1.0129024982452393,-0.7891594767570496
0.0,1.0,0.0,0.0,0.005592942237854004,1.0,0.0,0.0,0.0,0.0,0.0,0.0,1.0,0.0,0.0,0.0,1.0,0.0,0.0,0.0,0.0,1.0,0.0,0.1033942773938179,0.2911493182182312,0.0,0.12313675135374069,0.0,1.0,0.0,0.982308566570282,-1.336039423942566,-0.5448051691055298,0.5658054351806641,1.062803030014038,-0.3743051290512085,-0.9154136180877686,-0.1554364264011383,-0.4698200523853302,0.5110980868339539,1.3398642539978027,0.3209301829338074,1.3048217296600342
0.5460225343704224,1.0,0.0,0.9874895215034485,0.9697184562683105,1.0,0.0,0.0,0.0,0.0,0.0,0.0,0.0,1.0,0.0,1.0,0.0,0.0,0.0,0.0,1.0,0.0,0.0,0.0,0.0,0.0,1.0,0.15281370282173157,1.0,1.0,0.793987512588501,-1.2033371925354004,0.798678994178772,-0.7600319385528564,-0.4329583942890167,-0.3743051290512085,0.0726061463356018,-0.1944158971309662,-0.15738032758235931,0.5385532975196838,0.25142955780029297,-0.601797878742218,-0.7891594767570496
0.0,1.0,0.0,0.0,0.9965639710426331,1.0,0.0,0.0,0.0,0.0,0.0,0.0,1.0,0.0,0.0,1.0,0.0,0.0,0.0,0.0,1.0,0.0,0.0,0.0,0.0,0.5804582834243774,1.0,1.0,1.0,1.0,-0.6584747433662415,-0.4539543688297272,-1.1888322830200195,-0.7600319385528564,-0.5728011131286621,-0.3743051290512085,0.4866541922092438,0.716904878616333,-0.10323985666036606,0.50684654712677,2.1190507411956787,1.0063551664352417,-0.02320338785648346
0.0,0.0,0.0,0.0,0.7015271186828613,1.0,0.0,0.0,0.0,0.0,0.0,0.0,1.0,0.0,0.0,1.0,0.0,0.0,0.0,0.0,0.0,1.0,0.0,1.0,0.07364148646593094,0.0,0.20182836055755615,0.0,0.0,0.0,1.799197793006897,-2.2181243896484375,-1.3434882164001465,-0.7600319385528564,1.1471582651138306,1.042319655418396,-0.5278817415237427,0.7804782390594482,-1.5220445394515991,-0.5435553193092346,-0.9976946711540222,1.0129024982452393,-0.7891594767570496
0.0,1.0,0.0,0.0,1.0,0.0,0.0,1.0,0.0,0.0,0.0,0.0,0.0,1.0,0.0,1.0,0.0,0.0,0.0,1.0,0.0,0.0,0.0,1.0,0.0,0.0,1.0,1.0,1.0,1.0,-0.6114218235015869,0.4281306266784668,0.6308661699295044,-0.7600319385528564,0.5531042218208313,0.39819228649139404,0.0726061463356018,1.7326030731201172,1.544950246810913,2.702770471572876,1.3398642539978027,1.0129024982452393,-0.7891594767570496
0.0,0.0,0.0,0.0,1.0,0.0,0.0,1.0,0.0,0.0,1.0,0.0,0.0,0.0,0.0,1.0,0.0,0.0,0.0,1.0,0.0,0.0,0.0,0.0,0.0,1.0,0.0,1.0,0.0,0.3101888597011566,0.21013668179512024,-2.2181243896484375,-1.1888322830200195,-0.7600319385528564,0.44250550866127014,-0.3743051290512085,-2.0216779708862305,0.6284245252609253,0.6867859363555908,0.880466878414154,2.101191520690918,1.0129024982452393,-0.7891594767570496
0.0,1.0,0.0,0.0,1.0,0.0,0.0,0.0,1.0,0.0,0.0,0.0,0.0,1.0,0.0,1.0,0.0,0.0,0.0,0.0,1.0,0.0,0.0,1.0,0.11122264713048935,1.0,0.11122264713048935,0.0,0.0,0.0,0.21013668179512024,0.4385733902454376,-0.27898305654525757,0.1776815950870514,1.2271523475646973,1.1046007871627808,0.2241201102733612,1.1565072536468506,-1.0085456371307373,-0.5435553193092346,-0.9976946711540222,-1.0630146265029907,0.2676767110824585
0.0,0.0,0.0,1.0,0.0,0.0,0.0,1.0,0.0,0.0,0.0,0.0,1.0,0.0,0.0,1.0,0.0,0.0,0.0,0.0,0.0,1.0,0.0,1.0,0.0,0.0,0.42443910241127014,1.0,1.0,1.0,1.8532536029815674,-1.336039423942566,-1.1888322830200195,1.9134678840637207,1.0528448820114136,1.2044953107833862,1.1197481155395508,-0.17164653539657593,0.6937849521636963,-0.5435553193092346,-0.9976946711540222,0.3209301829338074,-0.7891594767570496
0.119809091091156,1.0,0.0,0.0,1.0,1.0,0.0,0.0,0.0,0.0,0.0,0.0,0.0,1.0,0.0,0.0,1.0,0.0,0.0,0.0,1.0,0.0,0.0,1.0,0.0,1.0,1.0,1.0,0.7183173894882202,1.0,-0.6114218235015869,-1.336039423942566,-1.1888322830200195,-0.1611301302909851,1.3974612951278687,-0.3743051290512085,1.1197481155395508,0.7752544283866882,1.1695294380187988,1.9657716751098633,2.1190507411956787,-0.8488567471504211,-0.7891594767570496
0.6299685835838318,1.0,0.0,1.0,0.926830530166626,1.0,0.0,0.0,0.0,0.0,0.0,1.0,0.0,0.0,0.0,0.0,1.0,0.0,0.0,0.0,1.0,0.0,0.0,1.0,0.0,1.0,1.0,0.10372105985879898,1.0,1.0,1.0316951274871826,1.3102155923843384,1.5407154560089111,-0.7600319385528564,2.4965758323669434,-0.3743051290512085,1.1197481155395508,1.7326030731201172,1.544950246810913,3.7421822547912598,2.0271551609039307,1.0129024982452393,-0.3812018632888794
0.0,0.16857975721359253,0.0,1.0,0.9792597889900208,1.0,0.0,0.0,0.0,0.0,0.0,0.0,1.0,0.0,0.0,1.0,0.0,0.0,0.0,0.0,1.0,0.0,0.5565475821495056,1.0,0.4978894889354706,1.0,1.0,1.0,1.0,1.0,0.9446238875389099,-0.7604699730873108,-1.1888322830200195,3.250217914581299,1.0597032308578491,-0.3743051290512085,0.0971652939915657,-0.6838814616203308,-1.317166805267334,2.034151554107666,1.9883493185043335,-0.3710421919822693,-0.35786303877830505
0.7628124952316284,0.0,0.0,0.0,1.0,0.0,0.0,1.0,0.0,0.0,1.0,0.0,0.0,0.0,0.0,1.0,0.0,0.0,0.0,0.0,1.0,0.0,0.0,1.0,0.0,1.0,1.0,0.0,0.0,0.0,0.21013668179512024,-0.4539543688297272,-0.27898305654525757,-0.7600319385528564,-0.567413866519928,-0.3743051290512085,0.14598998427391052,1.7326030731201172,-0.15738032758235931,-0.5435553193092346,-0.9976946711540222,1.0129024982452393,-0.5570559501647949
1.0,0.6681244969367981,0.0,0.0,0.6681244969367981,1.0,0.0,0.0,0.0,0.0,0.0,0.0,1.0,0.0,0.0,1.0,0.0,0.0,0.0,0.0,0.0,1.0,0.0,0.3318755328655243,0.3318755328655243,0.9431430697441101,0.3318755328655243,0.0,1.0,1.0,1.3700082302093506,-0.5556309223175049,-1.4387942552566528,0.5767179727554321,1.5891146659851074,0.6648709774017334,0.44731613993644714,0.1179681271314621,-1.1274135112762451,-0.5435553193092346,0.13282692432403564,0.9685198068618774,-0.13359016180038452
0.0,1.0,0.0,0.0,0.0,0.0,0.0,0.0,1.0,0.0,0.0,0.0,1.0,0.0,0.0,0.0,1.0,0.0,0.0,0.0,1.0,0.0,0.0,0.0,0.6110923886299133,0.9787070155143738,1.0,0.9798241257667542,1.0,0.0,0.1831406205892563,1.3102155923843384,-1.1888322830200195,-0.7600319385528564,-1.0284714698791504,-0.3743051290512085,0.6153932809829712,1.7326030731201172,0.015763521194458008,-0.1272810995578766,1.3828290700912476,0.9587140083312988,3.682208776473999
0.0,0.6813345551490784,0.5646299719810486,1.0,1.0,0.0,0.0,1.0,0.0,0.0,0.0,0.0,0.0,1.0,0.0,1.0,0.0,0.0,0.0,0.0,1.0,0.0,0.0,0.025038130581378937,0.03744082897901535,1.0,1.0,0.0,0.0,1.0,0.16820472478866577,-1.3987066745758057,-1.1888322830200195,3.250217914581299,0.6923339366912842,-0.3743051290512085,1.1197481155395508,-0.18799981474876404,1.2905932664871216,-0.5435553193092346,2.0750732421875,1.0129024982452393,-0.7891594767570496
0.17047812044620514,0.0,0.0,0.0,1.0,0.0,0.0,1.0,0.0,0.0,0.0,0.0,1.0,0.0,0.0,1.0,0.0,0.0,0.0,0.0,0.0,1.0,0.0,1.0,0.0,0.26769253611564636,1.0,1.0,1.0,1.0,1.8532536029815674,-1.311391830444336,-0.6158768534660339,0.328103631734848,1.1705032587051392,-0.24107563495635986,-3.026423931121826,-2.0758960247039795,0.6937849521636963,2.538076877593994,-0.9976946711540222,-1.7549870014190674,0.7652396559715271
0.0,0.0,0.0,0.0,0.5382291078567505,0.0,0.0,1.0,0.0,0.0,0.0,0.0,1.0,0.0,0.0,1.0,0.0,0.0,0.0,0.0,0.0,1.0,0.0,0.0,0.0,1.0,1.0,0.4503968060016632,0.0,1.0,1.8532536029815674,-1.336039423942566,-1.0947171449661255,1.0510369539260864,2.372921943664551,-0.3743051290512085,-3.068819999694824,1.7326030731201172,1.544950246810913,2.030404567718506,0.23548710346221924,1.0129024982452393,-0.6384231448173523
0.4665241241455078,0.0,1.0,0.0,0.7490657567977905,0.0,0.0,1.0,0.0,0.0,0.0,0.0,1.0,0.0,0.0,1.0,0.0,0.0,0.0,0.0,1.0,0.0,0.0,0.004888527095317841,0.0,1.0,1.0,1.0,1.0,0.17856940627098083,0.2596951127052307,-1.040547490119934,-0.0795813500881195,-0.7600319385528564,-0.6165984869003296,-0.3743051290512085,-0.7664790749549866,1.6476637125015259,1.544950246810913,-0.5435553193092346,0.427304744720459,-1.7549870014190674,-0.41264912486076355
0.0,0.0,0.0,1.0,0.0,1.0,0.0,0.0,0.0,0.0,0.0,0.0,1.0,0.0,0.0,0.0,1.0,0.0,0.0,0.0,1.0,0.0,0.0,1.0,0.0,1.0,1.0,0.0,1.0,1.0,-1.4329802989959717,-0.4539543688297272,-1.1888322830200195,0.5767179727554321,-0.9596170783042908,-0.3743051290512085,0.12108426541090012,0.7591494917869568,-1.0085456371307373,-0.5435553193092346,-0.9976946711540222,1.0129024982452393,-0.7891594767570496
0.8746697902679443,0.0,0.0,0.0,0.0,0.0,0.0,1.0,0.0,0.0,0.0,0.0,0.0,1.0,0.0,0.0,0.0,0.0,1.0,1.0,0.0,0.0,0.0,1.0,0.0,0.0,1.0,1.0,1.0,0.0017177686095237732,1.0316951274871826,-0.4539543688297272,1.5407154560089111,-0.7600319385528564,0.15850597620010376,0.9892371296882629,-2.0216779708862305,-0.17164653539657593,-1.0085456371307373,-0.5435553193092346,0.5606780052185059,-1.7549870014190674,0.8779847621917725
0.6607652306556702,0.0,0.0,0.0,1.0,0.0,0.0,1.0,0.0,0.0,0.0,0.0,1.0,0.0,0.0,1.0,0.0,0.0,0.0,1.0,0.0,0.0,0.0,1.0,0.0,1.0,1.0,1.0,1.0,1.0,1.0316951274871826,-1.336039423942566,-0.27898305654525757,-0.7600319385528564,0.6168642640113831,0.14351636171340942,-0.9745358824729919,0.7804782390594482,0.6937849521636963,0.5385532975196838,0.5606780052185059,1.0129024982452393,0.1594478040933609
0.6409115195274353,0.0,0.0,1.0,0.0,0.0,0.0,1.0,0.0,0.0,0.0,0.0,1.0,0.0,0.0,0.0,1.0,0.0,0.0,0.0,1.0,0.0,0.0,1.0,0.0,0.0,1.0,0.04688160866498947,0.04413881152868271,0.0,-0.6114218235015869,-0.444048672914505,-0.27898305654525757,-0.7600319385528564,-1.0840517282485962,-0.3743051290512085,0.08528050035238266,-0.17164653539657593,0.6937849521636963,-0.5435553193092346,-0.21850833296775818,-1.7549870014190674,0.41775423288345337
0.0,0.0,0.0,0.0,1.0,0.0,0.0,1.0,0.0,0.0,0.0,0.0,1.0,0.0,0.0,0.0,0.0,1.0,0.0,1.0,0.0,0.0,0.0,1.0,0.0,1.0,1.0,1.0,0.0,0.0,-1.4329802989959717,-0.4539543688297272,0.6308661699295044,0.5767179727554321,-0.9294486045837402,-0.3743051290512085,-0.9394254684448242,1.7326030731201172,-1.859710931777954,-0.5435553193092346,-0.9976946711540222,1.0129024982452393,-0.3244885802268982
0.0,1.0,1.0,1.0,1.0,1.0,0.0,0.0,0.0,0.0,0.0,0.0,0.0,1.0,0.0,1.0,0.0,0.0,0.0,0.0,1.0,0.0,0.0,0.0,0.0,1.0,1.0,1.0,1.0,1.0,1.8532536029815674,-0.4539543688297272,-1.1888322830200195,0.5767179727554321,1.6725870370864868,0.6762187480926514,0.0726061463356018,-0.17164653539657593,-1.859710931777954,-0.5435553193092346,-0.9976946711540222,1.0129024982452393,-0.7891594767570496
0.0,1.0,0.9807049632072449,0.0,1.0,0.0,0.0,0.0,1.0,0.0,0.0,0.0,0.0,1.0,0.0,0.0,0.0,0.0,1.0,0.0,1.0,0.0,0.0,1.0,0.0,1.0,1.0,1.0,1.0,0.027757026255130768,-0.6114218235015869,0.49072882533073425,0.6308661699295044,-0.7600319385528564,-0.9475590586662292,-0.3743051290512085,0.0726061463356018,-0.20083841681480408,-1.0085456371307373,1.6042364835739136,1.3090168237686157,1.0129024982452393,-0.7891594767570496
0.9932091236114502,0.9091880917549133,0.9958080053329468,0.0,1.0,0.0,0.0,1.0,0.0,0.0,0.0,0.0,1.0,0.0,0.0,0.0,1.0,0.0,0.0,0.0,1.0,0.0,0.0,0.0,0.05698636919260025,1.0,1.0,0.06703796237707138,1.0,0.3434194028377533,1.0316951274871826,-1.336039423942566,-1.1888322830200195,0.5478660464286804,0.8598262071609497,-0.3743051290512085,0.09732349961996078,0.7357080578804016,-0.3187323212623596,0.9686812162399292,0.2606360912322998,0.3209301829338074,-0.7891594767570496
0.5854552984237671,0.0,1.0,0.0,0.31415238976478577,1.0,0.0,0.0,0.0,0.0,0.0,0.0,1.0,0.0,0.0,0.0,0.0,0.0,1.0,0.0,1.0,0.0,0.0,1.0,0.5368227362632751,1.0,0.12752828001976013,1.0,1.0,1.0,0.21013668179512024,-1.336039423942566,-1.3752939701080322,0.54151451587677,0.3427492678165436,-0.3743051290512085,0.3224028944969177,0.7804782390594482,1.202789306640625,-0.5435553193092346,-0.6542638540267944,0.7090440988540649,-0.7891594767570496
1.0,0.0,0.4404715597629547,0.0,1.0,1.0,0.0,0.0,0.0,0.0,0.0,0.0,0.0,1.0,0.0,0.0,0.0,1.0,0.0,0.0,1.0,0.0,0.0,1.0,0.13217008113861084,0.0,1.0,1.0,0.0,1.0,-1.4329802989959717,-1.336039423942566,-1.45882248878479,-0.7600319385528564,-0.3918394446372986,-0.24076873064041138,0.8232160806655884,-2.0758960247039795,-0.5297496318817139,-0.5435553193092346,-0.9976946711540222,-1.0630146265029907,0.20412448048591614
0.0,1.0,0.0,0.8407586812973022,0.1501675248146057,1.0,0.0,0.0,0.0,0.0,0.0,0.0,1.0,0.0,0.0,1.0,0.0,0.0,0.0,0.0,0.0,1.0,0.0,1.0,0.5395833849906921,1.0,1.0,0.0,1.0,1.0,3.386678457260132,-1.7124037742614746,-1.1888322830200195,-0.6146708726882935,2.077592611312866,0.32257920503616333,1.1197481155395508,-0.607159435749054,-0.7299256324768066,2.5975234508514404,0.3632920980453491,-0.046635501086711884,2.535417079925537
0.8802443146705627,0.0,0.0,0.8526114225387573,0.8638725280761719,1.0,0.0,0.0,0.0,0.0,0.0,0.0,1.0,0.0,0.0,0.0,0.0,1.0,0.0,0.0,1.0,0.0,0.0,1.0,0.009313315153121948,0.0,1.0,0.9798415303230286,1.0,0.0,-0.6114218235015869,-1.3375977277755737,-1.290000319480896,1.908700704574585,0.4729229509830475,-0.3743051290512085,0.4021846354007721,-0.24314871430397034,-1.3489024639129639,-0.5435553193092346,0.5606780052185059,1.0129024982452393,0.37171539664268494
0.0,1.0,0.0,0.12380515038967133,1.0,0.0,1.0,0.0,0.0,0.0,0.0,0.0,0.0,1.0,0.0,1.0,0.0,0.0,0.0,0.0,1.0,0.0,0.0,0.0,0.0,0.0,0.0,1.0,1.0,0.11567767709493637,-1.1849418878555298,-1.336039423942566,-0.2835296094417572,-0.7385004758834839,-0.4620620906352997,-0.04089852422475815,0.0726061463356018,0.3587859869003296,1.4304440021514893,1.0915595293045044,2.1190507411956787,1.0129024982452393,-0.7891594767570496
0.9753633737564087,0.0,0.8630465269088745,0.0,1.0,0.0,0.0,1.0,0.0,0.0,0.0,0.0,0.0,1.0,0.0,0.0,0.0,0.0,1.0,0.0,1.0,0.0,0.0,1.0,0.028075270354747772,0.0,1.0,1.0,1.0,1.0,0.21013668179512024,-1.336039423942566,-1.1888322830200195,1.9134678840637207,-0.858018696308136,1.0095086097717285,1.1197481155395508,-1.1237713098526,-1.859710931777954,-0.5435553193092346,-0.21850833296775818,-1.7549870014190674,-0.7891594767570496
0.0,0.0,0.0,0.0,1.0,1.0,0.0,0.0,0.0,0.0,0.0,0.0,1.0,0.0,0.0,1.0,0.0,0.0,0.0,0.0,1.0,0.0,0.8386691808700562,0.07635443657636642,0.27825117111206055,0.0,0.11287731677293777,1.0,0.0,1.0,0.08963030576705933,-1.336039423942566,-1.3415330648422241,-0.7600319385528564,0.708934485912323,-0.3743051290512085,0.6006815433502197,-0.17164653539657593,-1.412837028503418,-0.5435553193092346,-0.9713823199272156,0.5127094388008118,1.16837477684021
0.0,0.0,0.0,0.0,0.0,0.0,0.0,0.0,1.0,0.0,0.0,0.0,0.0,1.0,0.0,0.0,1.0,0.0,0.0,0.0,1.0,0.0,0.0,0.0,0.0,0.0,0.0,1.0,0.39530131220817566,1.0,-1.4329802989959717,1.3102155923843384,0.6308661699295044,-0.7600319385528564,1.0944912433624268,-0.3743051290512085,-3.0576627254486084,-0.22754764556884766,-1.0085456371307373,0.5385532975196838,0.5606780052185059,-1.7549870014190674,3.63179874420166
1.0,0.0,1.0,0.0,0.9740293025970459,1.0,0.0,0.0,0.0,0.0,0.0,0.0,1.0,0.0,0.0,0.0,0.0,1.0,0.0,0.0,1.0,0.0,0.0,1.0,0.0,0.0,1.0,1.0,1.0,1.0,1.0316951274871826,-1.336039423942566,-1.1888322830200195,-0.7600319385528564,0.9065933227539062,-0.1462550163269043,0.5367803573608398,-0.17164653539657593,-1.2721585035324097,-0.5435553193092346,-0.9976946711540222,1.0129024982452393,0.9654486775398254
0.9238721132278442,1.0,0.0,0.0,1.0,0.0,0.0,1.0,0.0,0.0,0.0,0.0,0.0,1.0,0.0,0.0,1.0,0.0,0.0,0.0,1.0,0.0,0.0,1.0,0.002868443727493286,0.0,1.0,1.0,0.0,0.0,-1.4329802989959717,0.4281306266784668,-1.1888322830200195,0.5767179727554321,-1.0317562818527222,-0.3743051290512085,-0.9180049300193787,-1.1344999074935913,-0.17551115155220032,-0.5435553193092346,0.5606780052185059,0.3209301829338074,-0.7891594767570496
0.0,0.0,0.23749804496765137,0.0,0.23749804496765137,1.0,0.0,0.0,0.0,0.0,0.0,0.0,1.0,0.0,0.0,1.0,0.0,0.0,0.0,0.0,1.0,0.0,0.0,1.0,0.5904757380485535,1.0,0.7625018954277039,1.0,0.7625018954277039,0.06018713861703873,-0.6622899770736694,-1.336039423942566,-1.7032414674758911,0.13989931344985962,0.8477553725242615,0.8377721309661865,1.1197481155395508,-1.8173894882202148,1.1043046712875366,-0.5435553193092346,2.1190507411956787,0.24860161542892456,-0.05027192085981369
