0,1,2,3,4,5,6,7,8,9,10,11,12,13,14,15,16,17
0.34398752450942993,0.09355681389570236,-0.35713985562324524,0.12156081199645996,-1.7189809083938599,0.5107241272926331,0.5569663047790527,-0.9295896291732788,1.0098235607147217,-1.4175207614898682,1.690698266029358,-1.444665551185608,0.38006335496902466,-0.9237221479415894,0.6129604578018188,-1.4588245153427124,-0.6189269423484802,-1.323527216911316
0.16524657607078552,0.14269882440567017,-0.8107333779335022,-0.44492200016975403,-0.24886301159858704,-0.734518826007843,-0.12232514470815659,-0.242496520280838,-0.1540873646736145,1.2805248498916626,1.1978620290756226,0.9989396333694458,0.1895507276058197,-0.23902323842048645,-0.5022558569908142,-0.1832720935344696,-0.6344186663627625,0.813579261302948
,,,,,,,,,,,,,,,,,
1.7291886806488037,1.1328794956207275,-0.9693642854690552,-0.2491166889667511,-1.0290348529815674,0.05521179363131523,0.0517803393304348,-0.7649528384208679,-0.8717019557952881,-1.200791835784912,-0.5297011733055115,0.7897809743881226,1.1998926401138306,0.29145777225494385,1.059841513633728,0.5918957591056824,1.5406562089920044,1.3110196590423584
0.9544390439987183,-0.058851633220911026,-0.33904966711997986,0.5446538329124451,-0.9005923271179199,0.06915435194969177,-1.6335062980651855,-1.205582618713379,1.4634406566619873,0.6073071360588074,-0.020618043839931488,0.5138208866119385,0.576759397983551,0.06488412618637085,-0.7276054620742798,-0.0017066672444343567,0.048011284321546555,-0.03884211927652359
-0.08930408209562302,0.020732112228870392,0.904608428478241,0.027983956038951874,-0.11779054254293442,0.025237195193767548,-1.337327480316162,0.06290078163146973,0.08259805291891098,0.0775599479675293,-0.09762626141309738,1.1457011699676514,1.405665636062622,-0.42192044854164124,-1.5001298189163208,-0.17612037062644958,0.1209377571940422,-0.09294134378433228
0.8381174802780151,0.9261574745178223,1.3697361946105957,-0.4527302384376526,-0.6852849721908569,1.157982587814331,0.40451446175575256,-0.7522989511489868,-1.0805903673171997,-1.0708458423614502,-1.1389856338500977,-1.4166656732559204,0.14928045868873596,-0.4119425117969513,-0.66814786195755,-1.2935657501220703,-0.318872332572937,-0.9096724390983582
0.49168404936790466,1.154038667678833,-0.9073835611343384,-0.8426081538200378,-1.0677332878112793,-0.7653632164001465,-0.3942846357822418,-1.506861925125122,1.2066247463226318,-0.4077475965023041,0.7734951972961426,0.07940588146448135,0.7303912043571472,-0.2752509117126465,0.8692224621772766,1.0714030265808105,1.4896821975708008,-0.5894163846969604
1.7291886806488037,0.7556002140045166,-1.3156176805496216,-1.0961918830871582,0.21447458863258362,-0.5169013142585754,0.06763265281915665,-0.8787093758583069,0.5706238746643066,-1.055726408958435,-0.5928127765655518,0.6151747107505798,-0.025485694408416748,-1.1710455417633057,0.9991598725318909,0.8619475364685059,1.4445240497589111,1.4147963523864746
1.0139238834381104,0.38709962368011475,-0.26499226689338684,-0.4065874218940735,-0.4436142146587372,1.143058180809021,-0.007938244380056858,-1.1237742900848389,1.632332444190979,-0.02690877392888069,-1.2071174383163452,1.642628788948059,1.5311486721038818,-0.9769474267959595,0.9310174584388733,1.0025825500488281,0.14627297222614288,1.36971914768219
1.3929215669631958,0.21026456356048584,-1.727312684059143,-1.4817678928375244,-0.2764395475387573,-1.24367094039917,0.58870929479599,1.6446748971939087,-1.6277233362197876,1.6272341012954712,-0.09621836990118027,1.2920430898666382,-0.679223895072937,-0.7814099192619324,-0.8040374517440796,-0.08134155720472336,-0.11302806437015533,1.5053855180740356
1.1382538080215454,-0.3284148573875427,0.6498869061470032,0.9662802815437317,-1.6345500946044922,-1.114233136177063,0.17850103974342346,1.0195707082748413,1.250933051109314,0.2535998523235321,0.3507401943206787,-0.7763782143592834,1.7244088649749756,-1.723130464553833,-1.3667223453521729,-0.6393814086914062,1.0303512811660767,-0.3250442445278168
-0.2189975380897522,1.2975448369979858,0.2999815344810486,-1.6380908489227295,0.06598659604787827,0.1218087449669838,0.8653764724731445,0.6363880634307861,-1.4079289436340332,1.1654027700424194,1.1044977903366089,-1.4373555183410645,1.4148523807525635,0.8296474814414978,0.5843279957771301,-1.0725616216659546,-0.462698370218277,-0.3458346724510193
0.21810001134872437,0.6881948709487915,1.2730937004089355,-1.57054603099823,-0.6140609383583069,-0.33664828538894653,-1.715957522392273,-0.09109779447317123,0.21055009961128235,-1.050706386566162,1.5647894144058228,-0.9282598495483398,1.7244088649749756,0.635153591632843,-1.4650018215179443,0.14576664566993713,1.2056715488433838,-0.26133468747138977
0.6197101473808289,1.2885887622833252,-0.21162740886211395,-1.5710245370864868,-0.08854716271162033,-0.7771565914154053,-1.644696593284607,0.996785044670105,1.0572007894515991,-0.4724045693874359,1.018195629119873,-1.1975178718566895,0.5230677127838135,0.5767976641654968,0.29787349700927734,0.4895698130130768,-0.9162326455116272,1.5933785438537598
0.28541722893714905,0.26102620363235474,0.6333938837051392,0.16302800178527832,-0.31401771306991577,-0.28436997532844543,0.14498457312583923,-0.1737123727798462,-1.5313783884048462,1.3954163789749146,-0.3291277587413788,-1.2249925136566162,0.28186866641044617,0.07422307133674622,-0.9388455748558044,-0.3251991271972656,-0.24834242463111877,0.353890061378479
,,,,,,,,,,,,,,,,,
0.6185920834541321,-0.029935114085674286,0.22054600715637207,-0.011064223945140839,-0.400430291891098,-0.5772498250007629,-0.9600285291671753,-1.3160778284072876,0.2324913740158081,0.7634897232055664,-0.013471715152263641,0.07955514639616013,-0.02436487376689911,-1.1627806425094604,0.004655562341213226,-0.008447505533695221,0.042885489761829376,0.06286247819662094
0.6524704098701477,1.344232201576233,-1.002909779548645,-1.0220696926116943,0.6163768172264099,0.4210505187511444,-1.3815644979476929,0.8176310062408447,1.134199857711792,0.010380403138697147,-0.9377720355987549,1.6153982877731323,-0.1329505443572998,-0.10918628424406052,0.4391990005970001,-1.5171079635620117,0.78593909740448,1.0021933317184448
-0.3723548650741577,0.36579400300979614,0.6053792238235474,-0.16780444979667664,-1.6972403526306152,0.25811856985092163,-1.0121396780014038,-1.242444396018982,0.0535733737051487,1.6011210680007935,0.7890376448631287,0.8451762199401855,0.6656550765037537,0.28521987795829773,1.6557661294937134,-1.0415253639221191,-0.3443843722343445,0.6720230579376221
0.2900736331939697,0.4524199664592743,-0.7653108835220337,0.10174434632062912,-0.9291808009147644,0.47881507873535156,0.16201525926589966,0.6708125472068787,-0.34284475445747375,1.5434623956680298,0.21402129530906677,0.5907784104347229,0.23362910747528076,-0.22231408953666687,0.0964626744389534,-0.2182786762714386,0.4358390271663666,1.2424027919769287
0.15447670221328735,1.3284127712249756,-0.9875317811965942,1.1423569917678833,0.030285540968179703,-0.8662195205688477,-1.5420737266540527,-1.6495012044906616,1.4992426633834839,1.6191693544387817,0.6342434287071228,-0.5666757225990295,-0.9888513684272766,-0.20057713985443115,1.3206120729446411,-0.5527588725090027,-0.8921668529510498,0.9875026941299438
0.3626951575279236,0.4239700138568878,-0.4404538571834564,-0.7335749268531799,-0.4011329710483551,-0.3435552418231964,-1.3791604042053223,-1.4905437231063843,-1.3462495803833008,-0.3187963366508484,0.33104076981544495,0.09266074746847153,0.38642263412475586,-0.32197824120521545,-0.33706867694854736,-0.3559092879295349,-0.45346909761428833,-0.4663279950618744
0.8822547197341919,1.727733850479126,1.069515347480774,0.056781429797410965,0.8787272572517395,-0.15789654850959778,1.331730842590332,1.050691843032837,-0.8501352071762085,-0.24537596106529236,0.9725087285041809,-1.6787333488464355,0.29103583097457886,0.5906466841697693,0.0764872282743454,-1.493704915046692,-1.1333246231079102,1.2029221057891846
0.6423752903938293,0.690499484539032,-1.1109042167663574,1.5367424488067627,0.3088778257369995,1.414022445678711,-0.7332228422164917,-1.2571102380752563,1.4939957857131958,0.009514406323432922,1.49299156665802,-0.6200264096260071,0.7503710389137268,-0.4518267810344696,0.9570865631103516,0.39261719584465027,0.31722620129585266,1.2201060056686401
-0.15974634885787964,0.7304895520210266,1.3288146257400513,-1.3061630725860596,0.3550218343734741,-0.9138389229774475,-0.46070772409439087,0.9753106236457825,-0.5387499928474426,1.0988632440567017,0.7363355755805969,0.16968032717704773,1.2172900438308716,-0.668832004070282,-1.0204111337661743,-0.06138925999403,0.24011558294296265,0.8735299706459045
0.7097704410552979,-0.0539214164018631,-0.7360267043113708,1.0874186754226685,-0.5873944163322449,0.8924651741981506,0.0031532307621091604,-0.14371541142463684,0.7700276970863342,0.815703809261322,-1.0417183637619019,-0.5584505200386047,0.7977365851402283,-0.9107176661491394,-1.5538402795791626,-1.2277626991271973,1.2407464981079102,0.7479261755943298
0.7872454524040222,0.9009554386138916,0.05352085083723068,0.9266278743743896,0.1360752135515213,0.6810029149055481,-0.7864678502082825,-0.8559130430221558,-0.9828994274139404,-1.4443914890289307,-0.6880465745925903,1.2183341979980469,1.2858915328979492,0.06828220188617706,0.965923547744751,-0.9398597478866577,1.3241668939590454,1.1972565650939941
0.411957710981369,0.4220224916934967,-0.8774763345718384,-0.514181911945343,-0.33651748299598694,0.6326566338539124,1.7261098623275757,0.049303196370601654,-0.42873165011405945,-0.29816940426826477,-0.8453733325004578,-0.8091251254081726,0.3473469614982605,-0.3399507403373718,-0.5076608061790466,-0.8201131820678711,-0.4125211536884308,0.14741811156272888
-0.26791882514953613,0.5628154873847961,-1.1487019062042236,0.6103814840316772,-1.6012799739837646,1.1063194274902344,0.14350080490112305,-0.02499048411846161,-1.1075702905654907,0.3879505693912506,-0.11927233636379242,1.3930195569992065,0.867157518863678,-1.3885737657546997,0.14806120097637177,-1.2172077894210815,1.0958539247512817,0.7338219881057739
-0.39300572872161865,1.669122576713562,-0.6272709965705872,-0.49897706508636475,-0.45813629031181335,0.5404139757156372,-0.5421122312545776,-0.6017206907272339,0.07762626558542252,-0.6641601920127869,1.7016174793243408,0.33529865741729736,1.1068285703659058,-0.1435096561908722,0.8089914917945862,-0.9616537690162659,1.3709514141082764,-0.78586345911026
0.36613714694976807,0.35098564624786377,-0.963135302066803,0.04028549790382385,-0.3133136034011841,-1.23599374294281,-0.8691872358322144,-0.8139666318893433,-0.10149560123682022,0.3598788380622864,0.35400688648223877,-0.5624117255210876,0.6482287049293518,-0.2563837170600891,-0.3293476104736328,-0.2537396252155304,-1.080203890800476,1.3392846584320068
0.5704180598258972,1.1723902225494385,1.468812346458435,-0.8844218850135803,-0.24760186672210693,-1.44416081905365,-1.2903647422790527,-1.6752761602401733,-1.3814709186553955,1.5197283029556274,1.422059416770935,-0.9721361398696899,-0.9938586950302124,0.2333063930273056,1.0958333015441895,-1.1087130308151245,-1.4823060035705566,1.4824178218841553
0.9816750288009644,0.20228096842765808,-0.8221172094345093,-0.27112963795661926,0.15583445131778717,-0.29286065697669983,-1.4874132871627808,-0.14869555830955505,-1.4726941585540771,0.05873989313840866,0.44993147253990173,0.9060806035995483,0.2552865743637085,-0.19432353973388672,-0.18610650300979614,-0.21515566110610962,0.007793255150318146,0.28541454672813416
-0.4138065278530121,1.727733850479126,-1.1412675380706787,1.667481541633606,-1.4945290088653564,-0.7598901391029358,0.39454466104507446,-0.6195892095565796,0.1496681123971939,-0.7497773766517639,-0.824474036693573,0.8214491009712219,0.9631823301315308,-1.0500019788742065,0.36827224493026733,0.8671475052833557,-1.4059932231903076,0.5773979425430298
1.3681789636611938,1.6923598051071167,-0.7195350527763367,-0.032228969037532806,-1.2780945301055908,-1.0086143016815186,1.0015743970870972,1.1899454593658447,0.6581104397773743,0.5814202427864075,-1.0217536687850952,0.43318966031074524,0.21796903014183044,-0.2563319206237793,-1.1115614175796509,0.34833425283432007,0.43276169896125793,0.0570223405957222
0.5765672922134399,0.5917783975601196,0.6652031540870667,-0.3008442521095276,0.4306756854057312,-0.10944409668445587,0.5839855074882507,-0.039065420627593994,-1.2689406871795654,-1.1126298904418945,0.6037740707397461,0.5810720920562744,0.5573789477348328,-0.5956628918647766,0.6056284308433533,-0.5594913959503174,-0.1629381775856018,0.5161690711975098
1.484205722808838,0.8739390969276428,0.4296872019767761,0.3537231385707855,0.16748881340026855,-0.07386665046215057,0.664064347743988,0.8369702100753784,0.4394964873790741,0.745783805847168,-1.388622760772705,-0.17164334654808044,-0.9006571173667908,-1.1655008792877197,1.0792807340621948,0.2975485622882843,-0.7839584350585938,0.35813063383102417
,,,,,,,,,,,,,,,,,
0.5363219380378723,0.9774991869926453,-0.33717045187950134,0.4940375089645386,-1.2537791728973389,-0.018428515642881393,0.281945139169693,-0.5851199626922607,0.9318880438804626,0.3001224994659424,1.419960856437683,1.5623723268508911,-1.1190285682678223,-0.7366802096366882,0.5756449699401855,-1.201238989830017,1.2959400415420532,1.5579200983047485
0.09559772163629532,0.7896490097045898,-0.1764252483844757,0.20698276162147522,-1.2344248294830322,-0.1991356909275055,-0.13400360941886902,-0.9057052135467529,0.5228466391563416,0.16111308336257935,0.17926496267318726,0.7371125221252441,0.14438438415527344,-0.1128053292632103,0.2472354769706726,-0.14858776330947876,-0.16059333086013794,0.823101282119751
,,,,,,,,,,,,,,,,,
0.3300890326499939,0.09453866630792618,0.5825293064117432,1.0895955562591553,-1.5169464349746704,-1.2978408336639404,-0.8158835768699646,1.4393105506896973,0.31605422496795654,0.6129202246665955,-1.7294424772262573,-0.6596705913543701,1.489978551864624,0.5411285161972046,-1.2354596853256226,-1.464727520942688,-1.2848964929580688,1.1199109554290771
1.1315943002700806,1.4192055463790894,0.5012184977531433,1.5656265020370483,1.4568175077438354,0.7802127599716187,1.0603015422821045,-1.7207344770431519,0.15403082966804504,-0.2538657486438751,-1.7116045951843262,-1.1603938341140747,0.6746944189071655,-0.6491502523422241,-0.349570095539093,-0.2991124093532562,0.4100802540779114,1.0798290967941284
0.8777416944503784,0.8570933938026428,-0.48677074909210205,-0.6690157651901245,0.8757026791572571,1.5071396827697754,-0.19576308131217957,1.1361463069915771,-0.7048916816711426,0.37696024775505066,1.6471748352050781,1.434867262840271,1.3512245416641235,0.7241709232330322,-0.5308501720428467,-0.4972207546234131,-0.2132984846830368,0.34842056035995483
0.21588677167892456,0.16609036922454834,0.2806132733821869,0.1556200385093689,-0.9406906366348267,-0.5505067706108093,-1.4492082595825195,-0.3077813386917114,-0.536016047000885,1.0783206224441528,0.2705746293067932,1.4024258852005005,0.48410311341285706,-0.3931611478328705,-0.4882383644580841,-0.21864956617355347,-0.2873544692993164,0.20575827360153198
0.23540142178535461,0.21978452801704407,0.38849589228630066,-0.3557676672935486,-0.35875582695007324,-0.35992151498794556,-0.42425376176834106,-0.6831885576248169,0.7202038764953613,0.6875535845756531,0.23919549584388733,0.2748952805995941,0.21006152033805847,-0.2602611184120178,0.6599400639533997,-0.27930933237075806,-1.3495042324066162,0.2821155786514282
0.5891566872596741,0.594084620475769,0.8290508389472961,1.214979887008667,-0.5489501953125,-0.2695966362953186,1.0461009740829468,-1.1176221370697021,-0.4135601818561554,0.342120885848999,1.7142143249511719,-1.575280785560608,1.654687523841858,-0.2671561539173126,-0.4036686420440674,-0.20753949880599976,1.15993070602417,1.1635156869888306
1.1862690448760986,0.0984615758061409,0.2194535732269287,0.14626406133174896,-0.15164455771446228,0.011451579630374908,-0.5663636326789856,-0.5230109095573425,-0.1710558533668518,-0.47683534026145935,0.10763800889253616,-0.6272360682487488,0.11707714945077896,-0.06812132149934769,-1.1507693529129028,-0.49511322379112244,-0.4005466103553772,-0.08858886361122131
0.33215057849884033,0.370393306016922,0.7943763136863708,1.0182812213897705,-1.3954875469207764,-1.456508755683899,-1.5091928243637085,-1.4097211360931396,0.6241957545280457,1.6118295192718506,0.9091325998306274,0.08607451617717743,0.35047250986099243,-0.6676807999610901,0.7100910544395447,0.5247225761413574,-0.040366433560848236,0.294417142868042
0.6041181683540344,0.2785685360431671,0.8609963059425354,-0.6546593904495239,-1.6229442358016968,0.9832183718681335,-1.0884226560592651,0.46454352140426636,1.2924222946166992,0.9560176134109497,0.3763482868671417,-0.4509511888027191,0.41022899746894836,-1.4086617231369019,-1.7144240140914917,-0.7731236219406128,-1.0195808410644531,-0.22161827981472015
0.7003692984580994,-0.20323973894119263,-0.5848913788795471,-1.402422308921814,-0.7329268455505371,-0.1820334792137146,-0.4713555872440338,-1.125360131263733,-0.5463131070137024,0.07510196417570114,0.9675778746604919,-0.18875272572040558,-0.16002953052520752,0.12285469472408295,0.1280154287815094,-1.275704026222229,-0.37945356965065,0.24174314737319946
,,,,,,,,,,,,,,,,,
-0.4539494216442108,1.1583173274993896,-0.004384629428386688,-0.41003382205963135,-0.92341148853302,1.064764380455017,-0.08746112138032913,-0.23603540658950806,-0.2856559455394745,1.6268576383590698,0.7296371459960938,0.22537264227867126,0.7785946130752563,-1.024672031402588,-1.1470897197723389,-1.354209542274475,-1.0052546262741089,-0.199749156832695
1.0225189924240112,0.0502207949757576,1.2036068439483643,-0.17141962051391602,-0.16962626576423645,0.4795839488506317,-0.10537969321012497,1.1248500347137451,-0.23492461442947388,-1.2733477354049683,-0.10606258362531662,0.7571009397506714,1.2764837741851807,-0.05245249718427658,-0.17695757746696472,-0.08300354331731796,0.4117586016654968,0.8343051671981812
0.39092817902565,0.35015204548835754,-0.19419556856155396,1.5753703117370605,-0.6398364305496216,0.6291458606719971,-0.31061702966690063,0.0008037984371185303,0.22454586625099182,0.9669525623321533,-0.28030139207839966,0.5885108113288879,0.32586470246315,-0.36552250385284424,0.36073416471481323,-0.4220881760120392,0.4783361256122589,0.5195489525794983
,,,,,,,,,,,,,,,,,
0.3054405450820923,0.4679735600948334,-0.6834424734115601,-1.4869459867477417,-0.37722525000572205,1.7194819450378418,0.4925207197666168,0.38087141513824463,-0.7848243713378906,0.3673478662967682,-0.3801186680793762,-0.004673276096582413,0.41666969656944275,-0.7506174445152283,0.39251166582107544,-1.478884220123291,-1.4794578552246094,1.648798942565918
,,,,,,,,,,,,,,,,,
0.8989076018333435,0.30100059509277344,-0.25690606236457825,0.04607359319925308,-1.2970554828643799,0.18854384124279022,0.16932328045368195,1.3090769052505493,-0.2692554295063019,-0.23722754418849945,-0.3230018615722656,1.4383362531661987,-0.22944673895835876,-0.5363773703575134,1.361486792564392,-1.2200170755386353,-0.6995964050292969,1.5307799577713013
-0.13034313917160034,0.6672510504722595,-0.33935239911079407,0.12673071026802063,0.12910430133342743,0.04817820340394974,-0.44991475343704224,0.08671116828918457,0.07889166474342346,0.8319412469863892,1.221317172050476,1.2386696338653564,0.6515265703201294,0.13219088315963745,-0.6589768528938293,-0.25148501992225647,-1.27200448513031,0.08093664050102234
1.6245250701904297,0.5365769863128662,-1.4808814525604248,0.02744753472507,0.8521351218223572,1.2302402257919312,0.11893132328987122,-0.005898892879486084,1.24709153175354,0.020681075751781464,0.002568373456597328,-0.31038185954093933,0.23722660541534424,-1.6151474714279175,1.3904578685760498,-0.7831695079803467,0.4998937249183655,-1.3156815767288208
1.301268458366394,1.0194281339645386,1.006208896636963,-1.6294137239456177,-0.7333617806434631,-0.5522961020469666,1.139797568321228,-1.22162926197052,1.4839366674423218,-0.11055439710617065,1.7308011054992676,-1.7056604623794556,0.8005163669586182,-0.09274347871541977,0.5063920021057129,0.9521821141242981,-1.6614689826965332,-0.0891367644071579
0.6414549946784973,0.6268218755722046,1.084600567817688,-0.8802731037139893,-0.8284167051315308,-1.3122165203094482,0.5128757357597351,-0.340415894985199,-0.404558390378952,1.0758163928985596,0.2494426965713501,1.5461310148239136,0.2936672866344452,-1.6961781978607178,-0.5058152675628662,1.0032529830932617,-0.8386191129684448,-1.2781296968460083
0.7745727300643921,1.6144222021102905,0.03247927874326706,0.5625621676445007,-1.3092271089553833,1.6781870126724243,-0.031186135485768318,-1.4862922430038452,-1.2957403659820557,-0.6850688457489014,-1.4202018976211548,0.161868155002594,0.16730868816375732,-0.3312520980834961,-1.4786975383758545,-1.618726372718811,0.21158474683761597,1.0528074502944946
1.2936331033706665,0.057562969624996185,0.65341717004776,1.7103486061096191,-1.0033905506134033,-1.647817850112915,-1.3432059288024902,-1.698061227798462,-0.6599271893501282,0.8498579859733582,0.1357681006193161,0.36659595370292664,0.38159191608428955,-0.6023833751678467,0.4934956729412079,0.11968974769115448,1.4342552423477173,0.16421885788440704
1.686729907989502,1.5576521158218384,-0.05168415233492851,1.4732275009155273,-1.1262480020523071,1.610028862953186,0.2148449420928955,-0.059130698442459106,1.1411467790603638,-1.157814860343933,0.9595076441764832,-0.7628908157348633,-0.20435309410095215,-0.061249829828739166,-0.2718794345855713,-0.06299559026956558,1.0466644763946533,0.924989640712738
-0.013159513473510742,1.536213755607605,0.059799645096063614,0.058523353189229965,-0.023398712277412415,-0.9184865951538086,-0.3057999014854431,-0.05233713239431381,0.05897312983870506,-1.3235750198364258,1.175164818763733,1.2203916311264038,-0.11856486648321152,-0.40818724036216736,0.6678217053413391,-1.080222487449646,0.09979881346225739,0.016069680452346802
,,,,,,,,,,,,,,,,,
0.8135491013526917,1.0419923067092896,-0.07064978033304214,-1.1604301929473877,-1.1837873458862305,-0.7822524905204773,0.6991921067237854,-1.2241514921188354,0.306682288646698,-0.9852163195610046,-0.8524925708770752,0.9619293212890625,0.9725093841552734,0.25987815856933594,-0.8426428437232971,0.15445777773857117,0.22450041770935059,0.14444154500961304
1.6643097400665283,0.05186263471841812,-0.9336829781532288,-0.0283883735537529,0.05051374062895775,0.08055216819047928,-0.7592809200286865,1.0547651052474976,-0.05955997854471207,-0.052907802164554596,0.8565302491188049,-1.2196284532546997,0.37890326976776123,0.05085135996341705,-0.832882821559906,0.010906577110290527,0.2820349633693695,-0.07562017440795898
,,,,,,,,,,,,,,,,,
0.34090641140937805,0.2982838451862335,0.847085177898407,1.5401240587234497,-0.30924224853515625,0.5374792218208313,0.06679750233888626,-1.55029296875,-1.0277175903320312,-1.2672016620635986,1.276309847831726,0.06971059739589691,1.676302433013916,-0.19312629103660583,-0.5010086297988892,-0.30883994698524475,-1.4536255598068237,-0.353036493062973
,,,,,,,,,,,,,,,,,
0.5659269690513611,0.8097798228263855,1.1450974941253662,1.0551527738571167,0.06367983669042587,-0.21736612915992737,-1.2584503889083862,-0.03960192948579788,1.223750352859497,0.07045255601406097,0.3349342346191406,-0.503142774105072,-0.010710738599300385,-0.9050803184509277,0.8853288888931274,-0.8730968832969666,-0.293356329202652,-0.8970558643341064
1.447672963142395,0.47757628560066223,0.8733434081077576,0.6465666890144348,-0.5880283117294312,-1.6970281600952148,-1.668778657913208,1.0904182195663452,-0.4609254002571106,0.7932353019714355,-1.2232011556625366,-1.5186903476715088,0.5947153568267822,-0.906308114528656,1.2824925184249878,-0.7227904200553894,-0.2318861037492752,-1.2825478315353394
0.44649359583854675,0.30566444993019104,1.064968228340149,0.31146734952926636,1.158526062965393,-0.3393491804599762,-0.38215363025665283,-0.6179262399673462,-1.5018404722213745,1.2011089324951172,0.4012863337993622,0.8896991610527039,0.2804107666015625,-0.9659782648086548,-1.1825484037399292,-0.30722081661224365,-0.4046843945980072,0.39466381072998047
0.6140928268432617,1.727733850479126,0.2144409716129303,-0.08452075719833374,-1.3084439039230347,1.2511595487594604,-0.6934109330177307,-1.2293211221694946,-0.17458045482635498,1.7299212217330933,-1.431797742843628,-0.627739429473877,-0.12326836585998535,0.22834083437919617,0.6814161539077759,-0.7149052023887634,-0.21044915914535522,0.891042172908783
1.447163701057434,0.06928666681051254,0.4162805676460266,-0.39162489771842957,-0.19620676338672638,0.8311668634414673,0.0010858955793082714,0.18946434557437897,-1.1574444770812988,1.426485300064087,-0.3138304352760315,0.2181149572134018,0.07153698056936264,-0.08142165094614029,-1.4375654458999634,-0.07941228896379471,-1.4991512298583984,1.2592014074325562
-0.7522046566009521,1.577099084854126,-1.1288950443267822,1.5422558784484863,-0.6974951028823853,1.5174373388290405,0.041996780782938004,0.15494869649410248,0.021485136821866035,-1.2520831823349,1.0575445890426636,0.9786564707756042,1.3821415901184082,-0.47441792488098145,-0.9161603450775146,0.02353658340871334,0.611325740814209,0.3222541809082031
1.619802713394165,-0.15237221121788025,0.17631372809410095,-1.1034855842590332,-1.6412615776062012,1.0165194272994995,0.895218551158905,-0.06734863668680191,0.8734185695648193,-1.7153851985931396,0.32828885316848755,1.5507855415344238,0.8074690103530884,-1.5220006704330444,-0.6434624195098877,-0.9304755926132202,0.5184779167175293,-0.9528862833976746
0.2460775375366211,0.25275248289108276,0.7485940456390381,0.39317581057548523,-1.291887879371643,-0.2099010944366455,-0.19301563501358032,-1.4106616973876953,-0.9377204179763794,0.6725571751594543,0.2509256601333618,-1.4404914379119873,0.20966634154319763,-0.23342934250831604,0.24772003293037415,-1.201716661453247,-0.22831562161445618,-0.37083181738853455
-1.359035849571228,1.6368404626846313,-1.3484234809875488,-0.9529048800468445,-0.43779584765434265,0.21552175283432007,-0.43197113275527954,-1.4585026502609253,-0.17420543730258942,-1.5144215822219849,0.9328988194465637,1.3122392892837524,1.6538982391357422,-1.5709080696105957,0.7149624228477478,1.4202805757522583,-1.3964375257492065,-0.6072484850883484
0.11354146152734756,1.4033472537994385,-1.142486810684204,0.033123284578323364,0.011716574430465698,-1.0952054262161255,0.019734561443328857,-1.3906738758087158,0.0671892762184143,-0.6063805222511292,1.2523014545440674,-0.22921183705329895,-0.004893951117992401,-0.0005827620625495911,0.222366064786911,-0.6880438923835754,-0.111200712621212,0.8258218765258789
1.6230984926223755,1.085145354270935,0.20686140656471252,-0.4263768196105957,-1.0088509321212769,0.08269241452217102,1.486457347869873,-0.8797364234924316,0.5415504574775696,-0.35007986426353455,-0.2629324197769165,1.4222520589828491,-0.07898475974798203,-1.1125015020370483,-0.10602180659770966,0.9722799062728882,-0.40257641673088074,-0.7248079776763916
1.255354881286621,1.1448637247085571,0.7715606689453125,-0.9956584572792053,-1.3198801279067993,0.4687838554382324,1.156840205192566,1.4080147743225098,0.689291775226593,0.5172414779663086,-0.40405166149139404,-0.3668268024921417,0.2750784158706665,-0.17875781655311584,0.855948805809021,-0.26340004801750183,0.28103166818618774,-0.2977050244808197
-0.29323604702949524,1.2635377645492554,-0.9872981905937195,1.0760318040847778,0.14341950416564941,-1.2696703672409058,-1.3639106750488281,-0.022749468684196472,1.4944826364517212,0.5429608821868896,0.635651171207428,0.2818988561630249,1.2927358150482178,-0.8657896518707275,0.7951914668083191,-1.3007279634475708,-1.3928085565567017,-1.606433629989624
0.9128841757774353,1.0797492265701294,1.056949496269226,0.008437382988631725,-1.459972620010376,0.31109318137168884,0.736016571521759,-0.41853851079940796,-1.6186197996139526,-0.282968133687973,-1.729169249534607,-0.9477384686470032,1.1185250282287598,0.5022181272506714,0.7651260495185852,-0.0394473597407341,-1.5188859701156616,-0.6272399425506592
0.6033117175102234,0.20292288064956665,-1.1625568866729736,-0.4044184982776642,-1.4174762964248657,0.5544248819351196,-0.20917102694511414,-0.40908005833625793,0.09302385151386261,0.9837255477905273,0.8769319653511047,-0.42759978771209717,0.17549026012420654,-0.25593358278274536,-0.22473454475402832,-0.18007272481918335,-0.19937461614608765,0.5153797268867493
-0.07426948845386505,-0.04365793243050575,0.34375232458114624,0.5374354720115662,-1.2488977909088135,1.5622698068618774,-0.42216071486473083,-0.03722498565912247,-0.17308086156845093,0.0838002935051918,1.0225216150283813,0.30381500720977783,1.5254977941513062,-0.0502912774682045,0.7855743765830994,-0.060458503663539886,0.25193992257118225,1.2882157564163208
1.538575530052185,0.6242807507514954,-1.6820292472839355,1.6167916059494019,-0.6756635308265686,-0.06508433818817139,-1.6075547933578491,1.4498370885849,-0.050484608858823776,-0.7911947965621948,0.48981747031211853,-1.6682454347610474,0.21370413899421692,0.15610888600349426,0.2133706510066986,-1.6218382120132446,-1.523459792137146,0.027754999697208405
1.7291886806488037,-0.3273698389530182,1.4358960390090942,-1.3691353797912598,-1.6742744445800781,-0.842638373374939,-1.7047697305679321,-0.7049273252487183,0.8278089165687561,1.6180806159973145,-0.09413681924343109,-1.1711678504943848,0.3637414872646332,-1.4440793991088867,-0.04163731634616852,-0.7264152765274048,1.156229019165039,1.241278886795044
0.7090820074081421,0.7971743941307068,1.5576961040496826,-0.7827723622322083,1.1136791706085205,1.699803352355957,-1.5729281902313232,-1.333745002746582,-1.149375557899475,-1.6993225812911987,1.1210277080535889,0.11358915269374847,0.4174087345600128,-1.467081904411316,-0.8976127505302429,-0.21454717218875885,1.2682210206985474,-1.3541423082351685
,,,,,,,,,,,,,,,,,
0.7747889757156372,1.4962518215179443,1.0183398723602295,-0.24054650962352753,0.9695587754249573,1.3787016868591309,0.6528602838516235,0.20831480622291565,0.3808145821094513,1.160869836807251,0.5011948943138123,-0.1932937353849411,1.2164045572280884,0.7171805500984192,-0.9058973789215088,-0.29979968070983887,-0.5148929953575134,1.6382195949554443
0.5084412097930908,0.4957553446292877,0.06720013916492462,-1.660847544670105,-0.40473103523254395,-0.5733630657196045,-0.5308098196983337,1.1617062091827393,-1.0340784788131714,-0.153196781873703,1.2282514572143555,1.179368019104004,0.28058314323425293,-0.5808191299438477,0.0005564429447986186,0.14149707555770874,-1.1466739177703857,0.41011205315589905
0.7309231162071228,0.7508838176727295,-0.992687463760376,-1.6423797607421875,1.1781734228134155,0.4342578649520874,0.07056973874568939,1.2164132595062256,-1.3604979515075684,0.4189565181732178,0.29367753863334656,0.48479655385017395,0.6896290183067322,-0.9615851640701294,1.1487990617752075,-0.7529434561729431,-0.7420716881752014,1.1243698596954346
0.27357688546180725,0.227830708026886,-0.12657979130744934,-1.1229008436203003,-0.2488701343536377,-0.791188657283783,0.33477672934532166,0.5129258632659912,-1.5498087406158447,0.4660551846027374,0.21670040488243103,1.0966542959213257,0.23244261741638184,-0.2358705699443817,-0.13379886746406555,-0.12145727127790451,-1.026862621307373,0.5773465633392334
-0.5488811731338501,0.3855026364326477,0.5347171425819397,0.45166802406311035,-1.4117239713668823,-0.5950210690498352,0.431056946516037,-1.5069597959518433,0.6194853186607361,1.2472583055496216,-0.3385327160358429,0.41305577754974365,1.312038540840149,0.5750588178634644,0.4114658832550049,-0.8220441341400146,-1.0839163064956665,0.4731424152851105
0.4171811640262604,0.3364565968513489,-0.04969065636396408,-0.9570598006248474,-0.40513643622398376,0.6125724911689758,1.315181851387024,-0.39064937829971313,-0.2363700568675995,1.3827208280563354,-0.4242412745952606,-0.2982248365879059,0.394592821598053,-0.38545656204223633,-0.38341543078422546,-1.1266684532165527,-0.5480630397796631,0.9275825023651123
