0,1,2,3,4,5,6,7,8,9,10,11,12,13,14,15,16,17,18,19,20,21,22,23,24,25,26,27,28,29,30,31,32,33,34,35,36,37,38,39,40,41,42,43,44,45,46,47,48,49,50,51,52,53,54,55,56,57,58
0.0,0.0,-0.4699440880666764,0.2786429137409868,0.26605926342886754,0.0,0.0,0.0,0.459674256217523,0.0,-0.35459159627028847,-0.4363250832341786,0.0,1.0,0.5414309983994916,0.7074199626397965,0.0,-0.2815187209253405,0.0,0.0,0.0,-0.3333958118006042,0.7428546044442934,-0.3252892996984865,0.0,0.0,1.4668834261061872,0.0,0.0,0.0,0.0,1.0,0.0,0.6359260054561165,0.0,0.0,1.0,0.0,0.0,0.0,0.0,-0.4901919185222966,1.0,0.0,1.0,-0.2598535487357614,0.0,0.0,1.0,0.0,1.4486293252140794,-0.39165284593433286,-0.2408572253028645,-0.7522202808180884,0.9184771676276684,0.1405047057619635,0.919454953014738,1.0270789116578083,-0.4282895663715403
1.0,0.0,0.0,0.0,0.0,0.2305022766448509,0.0,0.0,1.0,1.0,-0.1818384663442375,0.0,0.0,0.0,0.0,0.12495640592235996,0.15897494140796614,-0.2294379149867232,0.0,1.1184393551164415,0.0,0.0,0.0,-0.13534292095931716,0.0,0.0,1.0,-0.20359942833188152,0.0,0.0,0.1846598549731079,1.0,-0.1794992567239536,1.0,0.0,-0.2818896883549608,1.0,0.0,0.0,0.0,0.0,0.0,1.0,1.0,0.0,-0.12721663654989007,0.0,1.0,0.0,0.0,1.1436269785839537,1.0,-0.738667542842371,-0.4073468803003379,0.024146916773074168,-0.7659772668958666,0.3037877757521432,1.0270789116578083,2.1766889528939983
1.0865186345908642,0.0,0.0,-0.2109178749842984,0.14170305547038256,0.1944474117993941,1.1449334117254675,0.0,-0.11463582246454873,1.2565939123533512,0.0,0.0,0.0,0.0,0.0,0.0,0.0,-0.10270588366119639,-0.1233087627788565,0.0,0.0,0.0,1.0,0.0,0.0,0.0,1.0,0.0,0.0,0.0,0.0,0.8035625733687348,-0.0639196530211426,1.0,0.0,-0.2027163729850667,-0.11365660925232765,1.0,0.0,0.0,0.12460445646090654,-0.05807621548098226,0.8963935692993309,0.0,0.9015837676434939,-0.09573031474699083,0.0,0.0,1.0,-0.1955010215478588,1.0,-0.0823426941915993,-0.6716100901684778,0.13459703479898424,-1.6995593379916087,0.1405047057619635,-0.3998318554051079,-0.7049259983890862,2.3348689263480744
1.1458298724040312,0.0,0.0,0.0,0.0498522074557303,0.0,1.0,0.0,0.0,0.0,-0.08193289490498046,0.0,1.0,0.0,0.0,0.0,0.0,-0.2543373096008497,-0.09259686210781355,0.0,0.0,-0.09961085383307679,-0.10518961579825,1.0,0.08311820857414834,1.0,0.0,-0.036918486969976926,0.0,0.09505324156842307,1.0,-0.0801068573690111,0.0,1.0,0.0,-0.059618821157020205,0.0,0.8756328512103627,0.0,0.12309949000519727,0.0,0.0,1.0,0.0,1.0,-0.18639799052203174,-0.11157270643154742,0.0,1.0,0.0,0.0,0.7961771521347756,0.2569530922366421,1.5771815570058132,-1.7645135849361149,-0.7659772668958666,-0.4877843092997643,-0.7049259983890862,-0.4282895663715403
0.06721359993181787,1.0,0.0,-0.032762165699142934,0.02641283142612485,0.021648642167299996,0.0,-0.07945216762779925,1.0,0.10999729464983465,-0.0641737594661825,0.0,1.0,0.0,0.0,0.05169951647896837,0.0,-0.039012339509630886,0.0,1.084304661878182,0.0,0.0,0.0,-0.04798424118691183,0.04335216235838672,1.0,0.0,-0.053114123341077873,0.0,0.02249525152174091,1.0,0.0,0.0,1.0,0.0,-0.05861203576912629,-0.04792351371010783,1.0,0.0,0.0,0.0,0.0,1.0,0.0,1.0,0.0,0.0,0.0,1.0,0.0,1.0,-0.08799498410112512,-0.2408572253028645,-0.7004715485718485,1.0205801668826875,-1.6402772955985103,-0.7516416709837335,1.0270789116578083,-0.4282895663715403
0.1255527440213846,0.10222268789627344,1.0,0.0,0.0,0.0,1.0,-0.20624829586925325,-0.11910949044536862,0.0,-0.12185169781647005,0.0,0.13694079102298293,0.9178607673882343,0.0,0.0,0.0,-0.09904046354834352,-0.05683221060524477,0.0,0.0,1.0,-0.06051987396973295,0.0,0.0,0.147995374300368,1.0,0.0,0.0,0.0,1.0,-0.13609422139469354,0.0,1.0,0.0,0.0,0.0,0.0,1.0,0.0,0.0,0.0,0.8045201809379765,0.0,0.9114749586498899,0.0,0.0,1.0,0.0,0.0,1.0,-0.2769972606257889,0.539513978538064,-0.7135859533191833,0.10459580862742007,0.1405047057619635,1.8869319458559584,-0.7049259983890862,-0.3709028698192793
1.0,0.0,-0.21891813700926804,-0.12494457760793902,0.12614904140399125,0.0,0.0,0.0,0.9436184882942582,1.0,-0.09223346942279714,-0.09011388388731248,0.0,0.0,0.0,0.0,0.0,-0.24063325204399644,0.0,1.0,0.0,0.0,0.0,-0.05660704378407017,0.0,0.0,0.0,0.0,1.0,0.0,1.0,0.0,0.0,0.8617538587962559,0.0,-0.12294331163394197,-0.0556425313297738,0.0,0.0,1.0608508036514455,0.0,0.0,1.0,0.0,1.0,0.0,0.0,0.0,1.0,0.0,0.0,-0.14042423980199212,-1.2364778603818776,-0.8546544151959198,-1.7645135849361149,1.0469866784197936,0.3037877757521432,1.0270789116578083,-0.4282895663715403
0.35153490408038646,1.0,0.0,0.0,0.26826127394244736,0.0,0.0,-0.21628978347148953,0.7999465976922248,0.0,-0.3359008102206106,0.0,0.0,0.7797013324024252,0.0,0.0,0.0,-0.2897153413899487,0.0,1.0,0.0,0.0,0.0,0.0,0.0,0.0,0.0,0.0,1.0,0.0,0.0,1.0,0.0,1.0,0.0,-0.2211733120723757,1.0,0.0,0.0,0.0,0.0,0.0,1.0,0.18182395149880876,0.7731693439937531,0.0,0.0,1.0,0.0,0.0,1.0,-0.3712844159879178,-0.9875727016121244,-0.7504480639603406,-0.5533167998986603,1.0469866784197936,0.12788286796283044,2.7590838217047042,-0.4282895663715403
0.4604146333980893,0.3078833566467659,-0.04856046670577973,0.5026076625743556,0.2585115757966766,0.511343278121505,1.0,-0.46214382751914435,-0.27773410067673715,0.0,0.0,0.0,0.0,0.7118501064369098,-0.4237243392242548,0.0,0.0,0.0,-0.08293180238143295,0.0,0.0,0.0,-0.057871934239595746,1.0,0.18379804236570452,0.17515633219665505,1.0,0.0,0.0,0.0,0.0,0.0,0.8579523982454937,1.0,0.0,-0.4196468085541737,1.0,0.0,0.0,0.0,0.24884810195255427,0.0,1.0,1.0,-0.5125251428391804,-0.23234481621483447,0.0,0.0,1.0,0.0,0.14956139464514911,0.0,-0.23943501201672795,-0.6682172017608358,0.9184771676276684,-1.2039844362352063,0.907583503804446,-0.7049259983890862,-0.4282895663715403
0.42021604887305863,0.0,0.0,0.34838529294931775,0.5432623592732806,0.0,0.0,0.0,1.0,0.18658557544430607,0.0,0.0,1.0,0.0,0.0,0.0,0.0,-0.44774523003372657,0.0,1.0,0.0,0.0,0.0,0.0,0.0,0.31393728040110436,0.0,0.0,0.8005982897208417,0.0,0.0,1.0,0.0,1.0,0.0,0.0,0.7868314902213688,-0.2086593673372962,0.0,0.0,0.0,0.0,1.0,0.0,1.0,0.0,0.0,0.0,1.0,-0.1747000841450148,0.0,-0.49308754614176226,-0.37885954100876823,-0.2550610684199984,1.0969500001193166,1.0469866784197936,0.6555975913307688,2.7590838217047042,-0.4282895663715403
0.32233278612646776,0.0,0.0,0.6042024025622459,0.14805579608916544,0.0,1.0,0.0,-0.7949243810712056,0.32250104011334646,-0.44654022912633906,0.0,0.0,0.0,0.0,0.0,0.3173761883111561,-0.4107360425317798,1.0,1.1621905654225224,0.0,0.0,0.0,0.0,0.0,0.0,1.0,0.0,0.0,0.5912072574067816,0.0,0.0,1.0,1.0,0.0,-0.5853964230690292,1.0,0.0,0.0,0.0,0.5037773561674121,0.0,1.0,0.0,1.0,-0.3513516086479902,-0.3785417852375515,0.0,1.0,0.0,0.0,0.7530878176831273,-0.738667542842371,-0.6112772241876906,-0.8701833340815202,-0.7659772668958666,-1.3635101224676287,-0.7049259983890862,-0.08259090073721487
0.21846776753796754,0.0,-0.0743162641773855,0.7536742646302685,0.0,0.0,0.0,0.0,1.0,1.0,0.0,0.0,0.06538243389183962,0.0,0.0,0.09371479490696923,0.0,-0.34128903053187487,0.0,1.1287892395917027,0.05310485331940868,0.0,-0.07536507844328168,0.0,0.0,0.15762789050214815,0.0,1.0,-0.10666878567687367,0.06724236257004026,0.0,0.8951855641924984,0.0,1.0,0.0,-0.07464150781085771,0.0,0.0,1.0,0.07016386887900407,0.0,0.0,1.0,0.0,1.0,0.0,0.0,0.0,1.0,-0.09831068142884443,0.18155631091476204,-0.07482985117710816,1.2525737273156552,0.1651177929751636,0.9184771676276684,1.0469866784197936,0.12788286796283044,1.0270789116578083,-0.4282895663715403
0.0,0.0,0.0,1.0,0.0,0.5106106569999981,0.0,0.0,0.6529715476208904,1.0,-0.7646198201581837,0.0,0.0,-0.5213720837711325,0.0,0.0,0.0,-0.4796957655243375,0.0,1.2736680807352774,0.0,0.0,0.0,0.0,0.0,0.0,0.0,1.0,0.25163621408530684,0.0,0.0,0.6611363541906334,0.0,1.0,0.0,-0.3533692096062819,0.0,0.0,0.0,1.0,0.0,0.0,1.0,0.2852014051937733,1.0,0.0,0.0,0.0,0.0,1.0,0.0,-0.2605126965496944,-1.2364778603818776,1.2369159203182074,-1.4006707094531028,0.1405047057619635,0.8315024991200816,1.0270789116578083,2.3348689263480744
1.0,0.2688490666739889,0.0,-0.3671323279998979,0.0,0.16947064273017784,0.0,0.0,0.7476180688009642,0.22145421668141205,-0.39956372028979104,0.0,-0.17007342547811272,-0.5807638519672549,0.0,1.0,0.0,-0.39874551740542935,0.0,0.0,1.0,0.0,-0.268102547076471,0.0,0.0,0.0,0.0,0.0,1.0,0.0,0.0,0.34706104489336786,0.0,-0.1671276545976895,-0.3232262559088626,0.503243452962931,0.796123841805636,-0.26053919794189434,-0.3091074349295404,0.5576468913334919,0.0,0.0,1.0,0.0,0.859476142348569,0.0,0.0,0.0,1.3268326620723836,0.0,1.0,1.0,-0.3935601704091126,-0.7029526521726955,0.22080192083744662,1.0469866784197936,0.9053326248419133,1.0270789116578083,2.3348689263480744
0.33226137285736645,0.36526939455223967,0.0,0.7399809183029995,0.5007130348260522,0.0,1.0,0.0,-0.41977769371047197,0.0,-0.4798754222327393,0.0,0.0,0.7723777093636692,0.0,0.0,0.0,-0.17275809799520092,0.0,0.3478178673438161,0.0,0.5980744699619095,-0.20527897690661326,0.0,0.0,0.12238932279221211,0.0,-0.3870903005328603,1.0,0.0,0.0,1.0,0.0,0.5544865433905295,0.0,-0.13213705885537705,0.0,1.0,0.3588120667563794,0.0,0.3924524915893214,1.0,0.0,0.0,0.5836725732619537,0.0,0.0,0.0,1.0,0.0,0.0,0.0,-0.08437175016742993,-0.5799928513504224,0.9184771676276684,0.1405047057619635,1.0074074069093943,-0.7049259983890862,-0.4282895663715403
0.35495087477306747,0.3227278824165894,0.0,0.7824622381298416,0.0,0.5187669333417646,0.0,-0.43655575321460954,1.0,0.0,-0.3675458707947191,0.0,0.0,1.0,0.0,0.0,0.4373816763294213,-0.23838718812364923,-0.2517580703145992,0.28611810947396754,0.0,1.0,-0.26847235914685585,-0.10692583146044311,0.0,0.0,0.0,-0.1959459954678003,1.0,0.0,0.3661562813848429,0.5157195214669195,0.0,0.7989939038704261,-0.40200340875642593,0.0,0.0,1.0,-0.3353739310434,0.0,1.0,0.0,-0.3123931741571741,0.0,0.6413428615578561,0.0,0.0,0.0,0.0,1.0,0.17461256282581977,-0.2775851617865837,-0.2408572253028645,-0.7418114435786236,0.9184771676276684,-0.2832606839339878,-0.6121252286153106,1.0270789116578083,-0.4282895663715403
0.0,0.0,-0.2006154673516451,1.0,0.35403058137440346,0.0,1.0,0.0,-0.20031596655232348,0.0,0.6552581789803882,0.0,0.0,-0.10753136979961946,-0.19983828342617188,0.0,0.14730902871462587,-0.2760495682610568,0.0,1.0,0.0,0.0,-0.34588463748984655,-0.2039809019110825,0.0,0.18258017641525642,1.0,0.0,0.0,0.0,0.0,1.0,0.0,1.0,0.0,-0.36841690221524936,-0.1794969215011722,0.0,1.0,0.0,0.0,0.0,1.0,0.0,0.8499328662581451,-0.33767104869406406,0.0,0.1579020011202132,1.0,0.0,0.0,-0.27130537200894755,-0.4897623840726178,0.4911670665778712,0.024146916773074168,-0.7659772668958666,-0.4877843092997643,-0.7049259983890862,-0.4282895663715403
0.08503595666939995,0.0,0.0,0.8704544629819653,1.0,0.0,0.0,0.0,-0.11866934978547536,0.0,0.0,-0.2070974350108475,1.0,0.0,0.0,0.0,0.0,-0.2989570465481041,0.0,1.1630729266777962,0.0,0.0,0.0,-0.19614376894058888,0.0,0.0,0.0,0.0,1.0,0.0,0.0,1.0,0.0,1.0,0.0,-0.12975225306168325,0.0,1.0,0.0,0.0,0.19464700330386295,0.0,1.0,0.0,0.7322387439000643,-0.14884292028679108,-0.1503743274054127,0.0,1.0,0.0,1.0,-0.09470412310038165,-0.5706137867763629,-0.03113636188589558,-0.8701833340815202,1.0469866784197936,-0.13597449372113873,1.0270789116578083,-0.4282895663715403
0.0,0.25232999975087983,-0.4287492487596269,0.5381870025560554,0.29734461501296106,0.0,1.0,0.0,-0.28854900985261833,0.0,0.5846984875636185,-0.26849358559531294,0.0,-0.20951033652334278,0.0,0.0,0.0,0.0,0.0,1.1665894853146257,0.0,0.0,0.0,0.0,0.0,0.36240165201035884,1.0,-0.2634534264072156,0.0,0.0,0.0,0.8495894609893243,0.0,1.0,0.0,0.0,-0.1431771817750587,-0.24922981905318978,0.0,1.0,0.0,0.0,1.0,0.0,0.0,1.0,0.0,0.0,0.0,1.0,0.0,-0.1442551173379333,1.2525737273156552,0.5014459243528093,-0.8701833340815202,-0.7659772668958666,-0.3118794015104515,-0.537189085616778,-0.4282895663715403
0.34161663987269175,0.11538257712532828,-0.35279737914897064,0.6335910619987173,0.3953326269470114,0.5738090318484509,1.0,-0.08622489879430997,-0.26651495200390496,0.0,-0.1602056510821737,0.0,0.0,1.0,0.0,0.0,0.3450134307565924,-0.6234546174548894,-0.08687021166079116,1.0,0.0,0.0,0.0,-0.36008712279106536,0.0,0.0,1.0,0.0,-0.20260312981147466,0.0,0.0,1.0,0.0,1.0,0.0,-0.3280783996635508,1.0,0.0,0.0,0.0,0.24555555715994817,0.0,1.0,0.0,0.6625977206301624,0.0,0.0,0.0,1.0,0.0,1.0,-0.21449063239574404,-0.9875727016121244,-0.20354194165932407,-1.7645135849361149,-0.7659772668958666,-0.3118794015104515,-0.7049259983890862,2.3348689263480744
0.15844196075370348,1.0,-0.1015133198856802,-0.13835556058509973,0.0,0.06706540843378637,1.0,-0.3581552335584119,-0.2905140910294741,0.0,-0.3738454990946227,0.0,0.0,-0.3771842533961738,0.23844623447785535,0.34893733414924866,0.2629224089668339,0.0,1.0,0.11126804109377639,1.0,0.0,0.0,0.0,0.0,0.0,0.0,1.0,0.0,0.0,0.0,1.0,0.0,1.0,0.0,0.0,1.0,0.0,0.0,0.0,0.0,0.0,1.0,0.0,0.7592912598468591,-0.06946235265586546,0.0,1.0,0.0,0.0,1.2445761878831652,-0.43349740190011987,-0.738667542842371,-0.7919179384316425,0.024146916773074168,1.0469866784197936,0.3037877757521432,-0.7049259983890862,-0.4282895663715403
0.09886090111882227,1.0,-0.021191065832350323,0.0,0.14335330284450543,0.0,1.0,-0.031259100252292206,-0.0812249315771836,0.09758283347095914,0.0,-0.034469434177595924,0.0,0.0,-0.20752401300555676,0.0,0.0,-0.3356873413293719,0.7811532382520273,1.0294487525539182,0.0,-0.19042566374853878,-0.230726075719918,0.0,0.14267953915084922,0.14633776417094466,0.0,-0.03558595378046002,1.0,0.024972471165971084,0.0,1.0,0.0,0.0,1.0,-0.0885671129147055,0.8851869070452367,0.0,0.1911289469807361,0.04138629056176033,1.0,0.0,0.0,0.0,1.0,0.0,0.0,0.0,0.0,1.0,0.02472332195484958,-0.021144331523744706,-0.2408572253028645,0.4138984115800608,-1.6117344642221965,-1.8106266119987189,-0.1809472000637469,-0.7049259983890862,-0.4282895663715403
0.0,1.0,0.0,0.0,0.27085079872482454,0.35198932893335544,1.0,0.0,0.0,0.0,-0.3995736014517182,0.0,0.0,0.7144246638611109,0.0,0.0,0.3713247556313773,-0.3923413935398194,0.0,1.0,0.21532126768859935,0.0,0.0,0.0,0.0,0.0,1.0,0.0,0.0,0.0,0.0,1.0,0.0,0.0,0.0,1.0,1.0,0.0,0.0,0.0,0.29320734648714963,0.0,1.0,0.0,1.0,-0.3812664007186682,0.0,0.0,1.0,0.0,1.0,0.43038427292950643,-0.6528661786285845,-0.2088567051041189,0.9184771676276684,-0.7659772668958666,-0.22392694761579512,-0.7049259983890862,-0.4282895663715403
,,,,,,,,,,,,,,,,,,,,,,,,,,,,,,,,,,,,,,,,,,,,,,,,,,,,,,,,,,
0.09029971567724154,1.0,0.0,0.0,0.0,0.0,1.0,0.0,0.0,0.0,-0.0661660206978137,-0.07624396806611522,0.0,1.0,0.0,0.07756123298386026,0.0,-0.05966908961160578,-0.18287506816521207,0.18266603615121352,1.0,0.0,0.0,0.0,0.0,1.0805735237194756,0.0,0.0,0.0,0.0,0.0,1.0,0.0,1.0,0.0,-0.13410866274252767,0.0,0.0,1.0,0.0,0.0,0.0,1.0,0.0,1.0,0.0,0.0,0.0,1.0,0.0,1.0,-0.09222464859420054,0.2569530922366421,-0.13300771072095574,-0.8701833340815202,-1.6724592395536968,-0.5757367631944207,-0.5665698034518312,-0.4282895663715403
0.10822663417434111,0.04094434805408735,-0.100070444264883,0.9321768468191145,0.0,0.0,0.0,0.0,0.7853490782978796,0.10574654064493194,-0.0309756318505693,0.0,1.0,0.0,0.0,0.08118740561389229,0.0,-0.09026976813102719,0.0,1.0346039400518536,0.0,0.0,0.0,-0.22340011440847846,0.0,1.093111064375243,0.0,-0.10115683047856269,-0.1706813206906449,1.0,0.0,0.0,-0.035390263489349885,1.0,0.0,-0.1849429683443614,-0.11207938669226068,0.0,1.0,0.1891503383979219,0.0,0.0,1.0,0.08413478347740169,1.0,0.0,-0.0910361138185832,0.0,0.0,1.0,0.0,-0.020580316891652437,-0.2408572253028645,0.1803202297288813,0.05405368756894516,-0.9300306159681659,-0.048022039826482336,1.0270789116578083,-0.4282895663715403
0.0487891359654039,0.05667865701831311,-0.337294409958188,0.772628434615011,0.17114971701610324,0.0,1.0,0.0,-0.10608621525547404,0.06462017843145162,-0.11705819213010221,-0.15904281161414102,0.0,0.0,0.06612137974176513,0.12497208975887206,1.1364873923273893,-0.07717504746841294,0.0,1.1524458060947707,0.0,0.0,0.0,-0.05873872609571849,0.0,1.1403410490586452,0.0,0.0,0.0,0.0,0.8951234386085518,0.0,0.0,1.0,0.0,-0.2195158648073286,0.0,0.0,0.0,1.0,0.1362001503013068,-0.13933046016509323,1.0,0.0,1.0,-0.07228729267581174,0.0,0.0,1.0,0.0,1.1688951291402898,-0.49251948355091196,-1.2364778603818776,-0.46633957374405366,-1.7645135849361149,-0.7659772668958666,1.7989794919613018,-0.6594824287820026,-0.4282895663715403
0.0,1.0,0.0,-0.19315739673387947,0.0,0.0,0.0,0.0,1.0,0.0,-0.15909361048274132,0.0,1.0,-0.22785033513479425,0.0,0.0,0.29606013036504353,-0.12651550828245672,0.0,1.0,0.0,0.0,-0.09660404080460486,0.0,0.0,0.0,0.0,0.6357282855712014,-0.22215464481530997,0.10913251512558454,0.10252133305849873,1.0,0.0,0.8222898594463955,0.0,-0.281585508223501,0.0,0.0,1.0,0.0,0.37988733534007324,0.0,1.0,1.0,0.0,0.0,0.0,0.0,1.0,0.0,0.08625920550376942,0.0,-0.9875727016121244,-0.4792988847249046,0.9184771676276684,0.1405047057619635,-0.048022039826482336,-0.7049259983890862,-0.4282895663715403
0.48660367956582645,0.0,0.0,0.8966933298069842,0.0,0.0,1.0,0.0,-0.3170627763505165,0.0,0.0,0.0,0.0,1.0,0.12321640486608211,0.07074747162384791,0.0,-0.3208415385294466,0.0,1.2495297895267783,0.0,0.0,-0.2364632424285339,-0.15118325501183777,0.0,0.0,0.0,0.8855543756418294,0.0,0.3129222551686993,0.0,1.0,0.0,1.0,0.0,0.0,0.0,0.0,0.9439418853474266,0.0,0.0,0.0,1.0,0.19821362215679988,1.0,-0.2438232030553205,0.0,0.25366783047412406,1.0,-0.2947009238902269,0.0,-0.15916926333272438,0.46677000699822274,-0.3499270541093045,1.1311102791067393,-0.7659772668958666,-0.6636892170890771,-0.7049259983890862,-0.4282895663715403
0.08418765685044342,1.0,0.0,0.0,0.0,0.0,0.0,-0.2529922455144709,0.765057932747194,0.0,-0.2502228917731493,0.0,0.0,0.0,0.1172063327978578,0.17795551494502876,0.09500167158915168,-0.1989943893361094,1.0,0.0,0.0,1.0,-0.13689407504527104,0.0,0.0,0.0,1.0,-0.028851429921345425,0.0,0.0,0.0,0.790621019857315,-0.23001642289700028,1.0,0.0,0.0,0.0,0.0,1.0,0.0,1.0,0.0,0.0,-0.08931900821135608,1.0,-0.12741346848481108,0.0,0.10206239881404963,1.0,0.0,1.0,-0.4972473152791558,-0.38263471349002776,-0.3350404325042217,-0.8701833340815202,1.0469866784197936,-0.7516416709837335,-0.7049259983890862,-0.4282895663715403
0.0,0.0,0.0,1.0,0.0770044159807042,0.0,1.0,0.0,-0.21749920557922278,0.49818905686880316,0.2821612523807153,0.0,0.0,0.0,0.0,0.21654262813226963,0.0,0.0,0.0,0.4762282081325116,0.0,0.0,0.0,1.0,0.0,0.48803944172989927,0.2933335759041571,1.0,-0.5341510772647036,0.47588172350048713,1.0,0.0,-0.4040898816495213,1.0,0.0,-0.387467867125324,-0.30314153276978983,1.0,0.0,0.0,0.4362462959684374,0.7399943130455087,-0.457825407836166,1.0,0.0,0.0,0.0,1.0,0.0,-0.5039427191092902,1.0,0.0,1.063186783014909,0.9201777287865375,-0.8701833340815202,1.0469866784197936,-1.386821157962041,-0.7049259983890862,-0.4282895663715403
1.1690277703331953,0.0,0.0,-0.08624886964128141,0.0,0.09252495252928129,0.0,0.0,0.9247087620890212,1.1338660579035797,0.0,0.0,0.0,-0.05144422307807592,0.0,0.0,0.0,-0.08481175470067784,0.0,1.0,0.0,0.0,0.0,0.0,0.0,0.0,1.1100434957422263,-0.07481864517780533,0.0,0.0,0.0,1.0,0.0,1.0,0.0,-0.05282558096503031,0.8614429185962168,0.0,0.0,0.07329266790612793,0.0,0.0,1.0,1.0,0.0,0.0,0.0,0.0,1.0,0.0,1.0,-0.09084704645381572,-0.7350904200614802,0.22462565117258,-0.8701833340815202,-0.7659772668958666,0.03993041406817406,1.0270789116578083,2.3348689263480744
0.34327760315496114,0.0,0.0,1.0,0.0,0.0,0.0,0.0,0.6601093476428506,0.0,-0.3174309777507634,0.0,0.0,0.6891741617197061,0.0,0.0,0.1937513399140157,-0.4656017305357044,0.0,0.0,1.0,0.0,0.0,0.0,0.0,0.0,0.0,0.0,1.0,0.0,0.09415442053926958,0.9280534249563009,0.0,0.8148173268910163,0.0,0.0,0.0,1.0,0.0,0.0,1.3029371636745608,0.0,0.0,0.0,1.0,-0.20149756610204458,0.0,0.0,1.0,0.0,1.0,-0.30010323946697004,0.2569530922366421,-0.3715480997738295,1.1005730993722689,0.957077507474228,1.4471696763826765,1.0270789116578083,-0.4282895663715403
0.0,0.0,0.0,1.0,0.15108215040799122,0.0,0.0,0.909308956338502,0.0,0.0,-0.11176956489759647,0.0,0.0,0.0,0.0,0.10724374516995229,0.0,-0.2633786723644027,0.9165232294826308,1.1275916496381762,0.0,0.0,0.0,-0.09796293794818213,0.0,0.051375448661323375,0.0,1.0,0.0,0.0,0.0,1.0,-0.04160437889187886,1.0,0.0,-0.11029586371408781,0.0,0.0,1.0,0.05268044879893565,0.0,0.0,0.9135948546565298,0.0,1.0,-0.07453757235936256,0.0,0.0,1.0,-0.29847026332211923,1.0,-0.35711128264315645,0.5058582510063954,0.6542110174906823,0.11235062572118812,1.0469866784197936,-0.8395941248783899,1.1183692989288903,-0.4282895663715403
0.0,0.1333025110928178,-0.1584779304429279,0.6688925949891764,0.0,0.10355299029059313,1.0,0.0,0.0,0.0,-0.3102957246291808,-0.2434535857843074,0.9256043751139696,0.0,0.0,0.250178625863271,0.0,-0.30065739631244626,-0.13955577465535424,1.0,0.0,0.0,-0.2833007379592733,0.0,0.0,0.10142522805494905,1.0,-0.09222519874184491,0.0,0.0,0.0,1.0,0.0,1.0,0.0,-0.16170026742292615,1.0,0.0,0.0,0.0,0.0,0.0,1.0,0.08646485870244085,1.0,-0.23964720632554842,0.0,0.11159656210160299,1.0,0.0,0.3025977482795973,-0.2244154869125481,0.06503409823830428,-0.2680506352813493,0.024146916773074168,1.0469866784197936,0.5486817058777669,-0.7049259983890862,-0.4282895663715403
0.0,0.0,0.0,0.9056003730593173,0.07087862795918097,0.0,1.0,0.0,-0.11095860601173185,0.0,-0.07334653261444632,0.0,0.0,1.0,0.0,0.0604638313924399,0.0,-0.09401913816723276,0.0,1.0,0.0,-0.03970185139647654,-0.08819696763081844,0.0,0.0,1.0,0.0,0.0,0.0,0.0,1.0,0.0,0.0,0.961552284916654,0.0,-0.0841064432509105,0.0,-0.02115556715275003,1.0,0.01286972379945316,0.0,0.0,0.9648600798951663,0.0,0.8948823599372613,-0.033569341367127636,-0.0378790153019784,0.01430416578368211,1.0,0.0,1.0,-0.07317529199054336,-0.738667542842371,-0.6302917610050297,1.011456263325917,0.18498611949861923,-0.13597449372113873,-0.7049259983890862,2.3348689263480744
0.0,0.06919557112464671,0.0,0.899962983217472,0.14639317891202652,0.07058556989081054,1.0,0.0,0.0,0.0,-0.12276309729149154,-0.11175638951483192,0.0,0.9077566429853148,0.0,0.11262780212733474,0.0,-0.1682573466384474,0.0,1.102770149414054,0.0,0.0,-0.20825179789446807,0.0,0.0,1.0,0.07081797488295535,0.0,0.0,0.0,0.8874007875864518,0.0,0.0,1.0,0.0,-0.15547217609211747,0.0,0.0,1.0,0.0,1.0988543716926324,-0.193166283527011,0.0,0.0,1.0,0.0,0.0,0.08157478371677993,1.0,0.0,1.0,-0.19128477012089992,-0.738667542842371,-0.3899791550944081,-0.8701833340815202,-0.7659772668958666,-0.5757367631944207,-0.7049259983890862,-0.4282895663715403
1.0088179018525836,0.005723510778519656,0.0,-0.010428443795298396,0.0058674280005510185,0.0,0.0,-0.008296023664646986,1.0,0.0,-0.015531582341188344,0.0,1.0,0.0,0.0,0.007374084779698811,0.0,-0.013161010882970342,0.0,1.0,0.00712911439298715,0.0,0.0,0.0,0.009922823643252922,0.0072970129517183615,1.0,-0.007094183787094838,0.0,0.0,0.0,0.0,1.0,1.0,0.0,-0.002352835485626653,-0.00523120469181616,0.9913846787353221,0.0,0.012600625560011893,0.0017210307578028865,0.0,0.9987628185762983,0.0,0.9840167372835555,0.0,0.0,0.0,1.0,0.0,0.015215724306488916,-0.007791840335018941,1.2576697769324352,-0.3272426783301308,0.024146916773074168,-0.7659772668958666,0.919454953014738,1.0270789116578083,-0.4282895663715403
0.34145946893271373,0.0,1.0,0.0,0.0,0.0,0.0,0.0,0.7340968631579716,0.2673657031016184,-0.07674022771345702,0.0,0.0,1.0,0.1753857912003956,0.0,0.26290724749319655,-0.17058468203168328,-0.2698020270154872,0.0,0.0,0.0,0.0,1.0,0.0,0.26445321689461365,0.0,-0.1621442799486068,1.0,0.0,0.16286435358739806,1.0,0.0,1.0,0.0,-0.32596367830876866,0.0,1.0,-0.4019629104166962,0.2273071184777865,0.3041612236792624,1.0,0.0,0.0,0.7875991979426115,-0.17975877873185064,0.0,1.0,0.0,-0.39810066800771615,1.0,-0.1977771204572383,0.9612165434852895,0.1363692516567322,0.9184771676276684,1.0469866784197936,1.1833123146987072,1.0270789116578083,-0.20394942100194094
1.0,0.0,0.0,0.0,0.06695100949886465,0.051724628994697514,0.0,0.0,0.9583083064752369,1.0,0.0,-0.08368298071366786,0.0,0.0,0.0,0.0,0.0,-0.10715969070506803,0.0,1.0,0.0,0.0,-0.03382706308760913,0.0,0.0,0.0,0.0,0.0,1.0,0.0,0.0,1.0,0.0,0.9503449168888662,-0.05623406093013403,-0.09986685142544205,0.9274249674973526,0.0,0.0,0.0,0.0,0.0,1.0,0.0749121654816011,0.9317263821106218,-0.059511884649599875,0.0,0.0,1.0,0.0,1.1283964191794376,0.0,0.05911382276807033,-0.9085188892992134,0.9632928527974639,1.0469866784197936,2.5905515770132093,1.0270789116578083,-0.3516792939652734
0.26222545111663703,0.2681359921634826,0.0,0.4996144050777358,0.0,0.32376230723034416,1.0,-0.31531219447501346,-0.28018943476459474,0.0,0.0,0.0,1.0,0.0,0.0,0.0,0.0,-0.36810980868622245,0.0,0.0,0.0,0.0,-0.4469112723398568,1.0,0.0,0.31152462560147787,0.0,1.0,-0.26504881536083497,0.0,1.0,-0.5845728355537401,-0.4341403565816082,1.0,0.26383633168810816,-0.17255592389560057,0.7679976856861808,0.0,0.0,0.0,1.0,0.0,0.0,1.0,-0.2357456405372377,0.0,0.0,1.0,0.0,-0.27821662698151073,1.0,0.0,-0.4897623840726178,-0.3846625045211641,-1.7645135849361149,1.0469866784197936,-0.22392694761579512,-0.7049259983890862,-0.4282895663715403
0.45792335302069226,0.0,0.0,0.3103531702211876,0.20119257326262108,0.3854077860372262,0.308802209690133,0.0,1.0,0.0,0.0,0.0,1.0,0.0,0.0,0.0,0.30586588843711876,-0.6134357916833868,0.0,0.41563911871614667,0.0,0.0,0.8496046622692022,0.0,0.14940301982384346,0.0,1.5303654125772597,0.0,0.0,0.2618750508858699,0.0,1.0,0.0,1.0,-0.5443537750628162,0.0,1.0,0.0,0.0,0.0,0.0,0.0,1.0,0.0,1.0,0.0,0.0,0.0,1.0,0.0,0.6567891231526579,-0.37309118930095886,0.2569530922366421,0.6992810129153636,0.9184771676276684,1.0469866784197936,1.2712647685933636,-0.24617595922805502,-0.4282895663715403
1.104768034159342,0.0,0.0,-0.0556294514294147,0.0,0.0,1.0,-0.082401976320809,-0.05835733923390244,0.0,-0.08775122051912568,0.0,1.0,-0.06626737370571213,0.0,0.0,0.12128655311522098,-0.10885277741934785,0.0,1.0768132709631382,0.0,0.0,-0.09841560634011383,0.0,0.0,0.0,0.0,0.9345603105386974,0.0,0.0,0.0,1.0,-0.14563302459768418,0.0,0.0,1.0,-0.11694059495694771,1.0,0.0,0.0,0.11789870050280198,0.0,1.0,0.09770030902553607,0.0,0.8966905444094664,0.0,0.0,1.0,0.0,1.1290798445066212,0.0,1.811958367526618,1.634246939825297,-0.8701833340815202,1.0469866784197936,0.8315024991200816,-0.7049259983890862,2.3348689263480744
0.0557950442168748,1.0,0.0,-0.05233621733426663,0.1296974875284682,0.0,1.0,0.0,-0.03663030288623841,0.0,-0.034667423625156846,0.0,0.0,1.0,0.0,0.0,0.0,-0.15358442301670497,-0.06717732070710211,1.0,0.048941565140626926,0.0,-0.06694760569970995,0.0,0.0,0.0,0.0,0.0,0.9306621754932617,0.0,0.0,1.0,0.0,1.0,0.0,-0.045016832685002464,0.0,-0.0654467996447648,1.0,0.0,0.0,0.0,1.0,0.0,1.0,-0.068094142077141,0.0,1.0,0.0,-0.05578739700759447,1.0,-0.05751291209580363,-0.9875727016121244,-0.7759679867119109,0.9184771676276684,1.0469866784197936,-0.7516416709837335,1.0270789116578083,-0.4282895663715403
0.0,1.0,0.0,0.0,0.0,0.0,1.0132956634201113,0.0,0.0,0.0,-0.024252234609775082,0.0,0.0,-0.018840314325968797,0.0,1.0,0.0,-0.047208046685807775,-0.026607105232993547,1.0,0.0,0.0,-0.01296773875549584,-0.012976921453826087,0.0,1.0,0.0,0.0,-0.013619592545657066,0.008189155345189863,0.0,0.0,0.9905866595273166,1.0,0.0,-0.02470483176240752,0.0,1.0,0.0,0.0,0.01587079654897654,0.0,1.0,0.0,1.0,-0.008973787510100974,0.0,1.0,0.0,0.0,1.0,0.0,-1.2364778603818776,-0.9985584240450532,0.024146916773074168,-1.6724592395536968,-1.1914039404570154,-0.7049259983890862,-0.4282895663715403
0.05743834609522108,1.0,-0.04697868677468478,-0.0744673056146696,0.0,0.0,0.0,0.9668168259072085,-0.09674321224889451,0.0,-0.1198938441551716,0.0,0.0893215624306056,1.0,0.0,0.0,0.02600799160777095,0.0,-0.029784073961728996,0.0,0.0,0.0,0.0,1.0,0.0,0.0,1.0,0.0,0.0,0.0592010784225141,0.0,0.9503856270348229,0.0,1.0,-0.05794701204639581,-0.06615493146267237,-0.06396995339379935,0.0,0.0,1.0,0.0,-0.05598197932414124,1.0,0.0,0.0,1.0,0.0,0.027268333160886286,0.0,1.0,1.0,0.0,3.2912153127816133,2.086162238551024,-0.8701833340815202,-0.7659772668958666,-0.7516416709837335,-0.7049259983890862,-0.4282895663715403
0.08789796609335336,0.0,0.0,0.9395750687109313,0.03701156133017709,0.033774569114188774,0.0,1.0,-0.12218888304906209,0.0,-0.0341233634466048,0.0,0.0,1.0,0.0,0.0,0.0,-0.1063398575962449,0.0,0.07218566310600405,0.0,0.0,0.0,1.0,0.02969919883218349,0.03569409517525854,0.0,0.0,1.0,0.0,0.0,0.924637923718757,0.0,1.0,-0.10391954805856164,0.0,0.0,-0.11832411920391112,1.0,0.03257991171609457,1.0,0.0,0.0,0.08380492805434504,1.0,-0.07291459238654392,0.0,0.0,1.0,0.0,1.0,0.0,2.2896344965994464,1.4059854085473615,0.06439488580587546,0.1405047057619635,-0.3118794015104515,1.0270789116578083,2.3348689263480744
1.010469795173403,0.0,0.0,0.0,0.0,0.0896720941431795,0.0,0.0,0.9413575924066527,0.10621703724995586,-0.1182159898495043,1.0,-0.04496939038500879,-0.13710397422479656,0.0,0.0,0.0,-0.04317692394433804,0.0,1.0,0.0,0.0,-0.07344507682473934,0.0,0.0,0.056987778303431234,0.0,-0.11085978082472032,1.0,0.0,0.0,1.0,0.0,1.0,0.0,-0.10626795320814246,0.0,0.0,0.0,1.0,1.077089138241285,-0.04497155763890248,0.0,0.0,0.0,1.0,0.0,0.0,0.0,1.0,0.16645932995921375,-0.06102239289628459,-0.9305181583889722,-0.7469036302448446,0.197093813890538,1.0469866784197936,1.35921722248802,1.0270789116578083,2.3348689263480744
0.347401903834117,0.0,0.0,1.0,0.0,0.26921300451669555,0.0,0.0,1.0,0.0,0.0,0.0,1.0,-0.44415464403411276,0.0,0.0,0.0,-0.22930402698224348,-0.3044580414917553,1.0,0.0,0.0,-0.2594769922687526,0.0,0.0,0.2769127501807492,0.0,1.0,0.0,0.0,0.0,1.0,0.0,1.0,0.0,-0.27066910199879346,0.0,0.7034277669860195,0.0,0.0,0.0,0.0,0.7649391050482267,0.0,1.0,-0.32706998569575374,0.0,0.0,1.0,0.0,1.0,-0.22550395486851724,0.4895966617255205,-0.3467348621477414,0.9184771676276684,0.1405047057619635,0.3917402296467996,1.0270789116578083,-0.4282895663715403
1.3494406297102661,0.0,-0.1831294438316679,-0.23695296040743993,0.0,0.2595927733502307,0.0,0.0,1.0,0.0,-0.30623061701701176,-0.24874933621903456,0.0,1.0,0.0,0.0,0.0,-0.29902987239389306,-0.16743929829424348,0.0,0.0,1.0,-0.3254554902546757,0.0,0.0,0.0,0.0,-0.3185551380861717,1.0,0.0,0.0,1.0,0.0,1.0,0.0,-0.1305154678569874,0.0,-0.31980030690127975,1.0,0.0,0.0,0.0,1.0,0.0,1.0,0.0,0.0,0.0,1.0,0.0,1.0,0.0,-1.2364778603818776,-1.0396738551448057,0.9184771676276684,0.8624400030289203,1.2368696675096862,1.0270789116578083,-0.4282895663715403
0.02452112546942317,1.079623166816278,-0.024311036028990096,-0.0609428987421875,0.08806095180940594,0.0,1.0,0.0,0.0,0.0,-0.019191738052146627,0.0,0.0,1.0,0.0,0.03146021073744252,0.0,-0.13361005451704458,0.0,0.0,0.0,1.0,-0.03624544172468854,-0.03110486931686576,0.0,0.0,1.0,-0.0840364475452056,0.0,1.0554033714730156,0.0,-0.02582131309901338,0.0,1.0,0.0,-0.06288176957396438,0.0,0.0,1.0,0.0849688589273556,0.0,0.0,1.0,0.0,1.0,-0.035471678888385275,0.0,0.0,1.0,0.0,0.0,-0.03588486121403758,-0.738667542842371,-0.7490302904741422,0.024146916773074168,-1.6724592395536968,-0.8731835131514989,-0.7049259983890862,-0.32510553161474987
0.24853374595231711,0.0,0.5922214775212973,0.0,0.0,0.3479046192543173,1.0,0.0,-0.3907500996968404,1.0,-0.24244357189296967,0.0,0.0,-0.27996995868715896,0.0,0.0,0.0,-0.20490450819794667,0.0,1.0,0.0,0.0,0.0,0.0,0.0,1.0,0.0,0.0,0.0,0.22242568579769562,0.0,0.8182188186914765,-0.27562298410260233,-0.2622463788015881,0.0,0.8170435994749317,0.0,0.7446144160768606,0.0,0.0,0.32027904348109887,0.0,1.0,0.0,1.0,-0.2182350689684863,0.0,1.0,0.39612080995763943,0.0,1.0,-0.12819508608211796,-0.9046043153555401,0.2402211595207619,-1.7645135849361149,-1.6724592395536968,0.12788286796283044,-0.7049259983890862,2.3348689263480744
1.0,0.0,0.0,-0.03376154658784004,0.1239219162720026,0.028070558905709794,1.0,0.0,-0.13405447942473755,0.0,-0.11434646479786803,0.0,1.0,0.0,0.0,0.0,0.0,0.0,0.0,0.0,0.0,0.0,0.9722470038902034,0.0,0.0,0.08382275475168016,1.0,0.0,0.0,0.0,0.04553955674137603,1.0,0.0,0.9680563466904815,0.0,-0.054261706424395297,-0.13519249787304324,0.0,1.0,0.0,0.0,0.0,1.0,0.0,1.0,-0.03965557419086871,0.0,0.0,1.0,0.0,1.0,-0.08703228257170373,-0.11833022679839206,-0.21701078977820845,0.9184771676276684,-0.7659772668958666,-0.6636892170890771,-0.6180512954273386,-0.4282895663715403
0.0,0.026847165400934063,0.9884918634713414,-0.013220985788434258,0.0,0.0,1.0,0.0,-0.013001785695263519,0.00764338628240382,-0.026861040363908233,-0.004581694131709822,1.0,0.0,0.0,0.0,0.0,-0.006387443839213604,-0.012724789440722802,1.0,0.0,0.0,-0.022598336508690083,0.0,0.0,1.0183154940648476,0.0,0.0,-0.02110204731571289,0.0,1.0124788494294739,0.0,0.0,1.0,0.0,-0.00408072203415422,-0.01171496446376889,0.0,1.0,0.0,0.0,0.0,1.0,0.0,0.9955503634022644,0.0,-0.017008174837804615,0.0,1.0,0.0,1.0,-0.008899302360041425,0.26000755437183726,0.169332485210844,-0.8701833340815202,1.0469866784197936,-0.8395941248783899,-0.7049259983890862,-0.4282895663715403
1.1293076708419836,0.0,0.0,-0.13623815417779248,0.14604363023276834,0.0,0.0,0.0,0.9480871807648871,0.0,0.8389267803456836,-0.17903082109701454,0.0,-0.4284413371437086,0.0,0.28820839521557695,0.10874270185829761,-0.23378499229872293,0.0,1.2819395644765141,0.0,0.0,0.0,-0.22294813458133694,0.0,0.06961489970086532,0.0,-0.06651918544779985,1.0,0.12204770939039665,0.0,1.0,0.0,1.0,0.0,0.0,-0.08206929273205799,0.0,0.0,1.1083034515058714,0.0,0.0,1.0,0.0,-0.18172880793422283,1.0,0.0,0.0,0.0,1.0,1.1822281819458276,-0.23645943700937588,-0.738667542842371,-0.6185951297438933,0.9184771676276684,0.9346430972127047,2.678504030907866,1.0270789116578083,-0.4282895663715403
0.0,0.22239774142680113,-0.4402024559668895,0.6740520597420503,0.32166618828873283,0.07181363288765039,1.0,0.0,0.0,0.0,-0.3218333722597821,0.0,-0.1499101213865995,0.0,1.0,0.0,0.0,0.0,0.0,1.2873811993787656,0.0,0.0,-0.28134910871187047,0.0,0.0,1.0,0.0895342675149491,0.0,-0.29130876737615313,0.11104521635839534,1.0,-0.23370635127683606,-0.2578854142514395,1.0,0.25934151123927807,-0.11300603580922328,0.8624521377766897,0.0,0.0,0.0,0.0,0.0,1.0,1.0,-0.1461057516793437,0.0,0.0,0.0,1.0,-0.22089353011890597,0.0,-0.16612854817910405,-0.9875727016121244,-0.7213837074932742,-1.7645135849361149,1.0469866784197936,-1.1034514865623593,-0.5320456035728873,-0.4282895663715403
1.0,0.04552766161707897,0.0,-0.041195605007154426,0.11732592682236372,0.0,1.0,0.0,0.0,0.0,-0.2828018756370344,-0.19813741004380794,-0.16044285553067547,1.0,0.05129966943786079,0.0,0.0,-0.15145700381715899,0.0,1.0,0.0,0.0,0.0,-0.31689970577775123,0.0,0.0,1.0536106768219677,0.0,0.0,0.0,0.0,0.9501665693320234,0.0,1.0,0.0,-0.3605826875860841,1.0,0.0,0.0,0.2400478264570535,0.1261238353466565,0.0,0.9017631328567257,1.0,0.0,0.0,0.0,-0.2393128100864967,0.0,1.0,0.14576986477104678,0.0,-0.738667542842371,-0.7671069024231713,-0.8701833340815202,-0.7659772668958666,-1.3673088482463285,-0.7049259983890862,2.2603039716256697
1.0,0.04306183985952204,-0.02472703252161901,-0.020005940242110783,0.0,0.02201450642605103,0.0,0.0,1.0,0.09226853700693437,-0.08969858410430744,0.0,1.0,-0.06811029137658302,0.0,0.0,0.0,-0.09278024945889475,0.0,1.0,0.03686997199371067,0.0,-0.06007108819248357,0.0,0.0,0.02288605489660191,1.0,0.0,0.0,1.0,0.0,-0.02110875704121537,0.0,1.0,0.0,-0.11842388388007306,0.0,1.0,0.0,0.0,0.0,-0.04920876209073526,1.0,0.024851781607120295,1.0,0.0,0.0,0.0,1.0,0.0,1.0609096138650873,-0.07850934065441607,-0.3974664930327882,-0.8138934274677171,-0.8701833340815202,0.1405047057619635,-0.9275465787730462,1.0270789116578083,-0.4282895663715403
0.0,1.0883419065565398,0.0,-0.18982488785810253,0.07870498873002603,0.0,1.0,0.0,-0.17327490550449157,0.0,-0.18352088875351372,0.0,0.0,1.0,0.0,0.0,0.13612161726771208,-0.20928573840432227,0.0,0.12460976411625523,0.0,1.0,0.0,-0.13367202999550362,0.0,0.11694242449236077,1.0,0.0,0.0,0.08063652320877092,1.0,0.0,0.0,1.0,0.0,-0.17963339319606317,0.9239885191785859,0.0,0.0,0.0,0.0,0.0,1.0,0.0,1.0,-0.08563830561157175,0.0,1.0,0.0,0.07960210553436488,1.0836116719661977,-0.08960707912386173,-0.9022790658915542,-0.8794654512043911,1.1101906112288058,0.1405047057619635,2.678504030907866,-0.7049259983890862,-0.4282895663715403
0.0,0.0,-0.5029193278215035,0.5970433368418817,0.23331134668419964,0.0,1.0,0.0,-0.3337677110945579,1.0,-0.36532118794497226,0.0,0.0,0.0,0.0,0.0,0.3408009685329809,-0.21976487633570715,0.0,0.0,0.0,0.0,0.0,1.0,0.0,0.0,0.0,-0.337558994687914,1.0,0.0,0.0,1.0,0.0,1.0,0.0,0.0,0.0,0.0,1.0,0.0,0.2722641651570382,0.0,1.0,0.0,1.0,0.0,0.0,0.0,1.0,0.0,0.20625716484107184,-0.34320837261235343,-0.738667542842371,-0.3123560567250481,0.9184771676276684,0.1405047057619635,1.2712647685933636,-0.7049259983890862,-0.4282895663715403
0.23157757821106095,0.1620360653083216,-0.44997982212480797,0.7706263815013281,0.0,0.0,0.0,1.0,-0.3464592860986381,1.2178343453440261,-0.2786474471672728,0.0,0.11197786126349867,-0.28789588942848693,0.0,0.0,0.18129011632631625,-0.16331650775718237,0.0,0.3510729769055604,0.0,0.0,-0.16025820609438163,1.0,0.0,0.0,0.0,-0.25829861518271924,1.0,0.0,0.0,0.0,1.0,1.0,0.0,0.0,0.0,-0.29286051100169197,1.0,0.0,0.0,0.0,0.8245334754346262,0.2694161812910255,0.7079540376760369,0.0,0.0,0.0,1.1155689932062762,0.0,0.17758139273186088,0.0,0.2569530922366421,-0.8178329964487325,0.9184771676276684,1.0469866784197936,1.6230745841719891,1.0270789116578083,-0.4282895663715403
0.1281144538381739,0.0,1.0,-0.09035185461758714,0.059649925462796745,0.0,1.0,0.0,0.0,0.10393408191246059,-0.10852512271529147,0.0,1.0,-0.11073773949764906,0.0,0.11831810067427476,0.0,0.0,0.0,1.0,0.0,0.0,0.0,-0.11294206936966665,0.07060451978359025,1.2004558145098063,0.0,-0.060879052634133464,0.0,0.12184923030518936,1.0,-0.20416781854668914,-0.17968639500154074,0.8480756262457019,0.0,-0.2867637786673429,0.0,0.8293573699978732,0.0,0.0,0.0,1.0,0.0,0.0,1.0,0.0,0.0,1.0,0.0,0.0,1.0,-0.1489817299027878,-0.2408572253028645,-0.07877787487386859,-1.7645135849361149,-1.6724592395536968,0.8315024991200816,-0.7049259983890862,-0.4282895663715403
0.23664249552291264,0.0,0.0,1.0,0.20878841696265057,0.0,0.0,0.0,1.0,0.0,0.6979107251133272,0.0,0.0,0.0,0.0,0.0,0.0,-0.8110900592141231,0.0,1.0,0.28285482638621884,0.0,-0.13063527975075825,-0.35827014911447946,0.0,0.291670433462961,0.0,0.26720048364847404,0.0,0.16135117659189485,0.0,1.0,0.0,1.0,0.0,-0.2087433123427966,-0.17672462588367993,0.0,1.0,0.0,0.0,0.0,1.0,0.0,1.0,0.0,0.0,0.0,0.0,1.0,0.0,-0.6253832835762492,1.003668568545902,1.4113020591206054,0.024146916773074168,-0.7659772668958666,-0.048022039826482336,1.0270789116578083,-0.4282895663715403
0.0,0.23004412635730384,-0.193589617685403,1.0,0.0,0.15916975596825125,0.0,-0.545944648257953,1.0,0.0,-0.27031540240655516,0.0,0.0,-0.2082940423663882,0.0,0.0,1.1544675778396565,-0.21492816968279344,0.0,0.0,0.0,0.0,-0.569901055954392,1.0,0.0,1.3216680867518389,0.3695303422029158,0.0,0.0,0.15619369639001993,0.0,0.841425918602201,0.0,1.0,0.0,-0.5910548277689154,-0.19288657364615652,1.0,0.0,0.0,0.0,0.0,0.828951860470801,0.17373628455321696,1.0,0.0,0.0,1.0,0.0,0.0,1.5905771656012238,-0.4760638246417507,-0.738667542842371,0.10411490484571956,-0.8701833340815202,-1.4882174238568762,0.12788286796283044,1.0270789116578083,1.8777864382008331
0.37803272018211787,0.0,0.0,1.0,0.19655097918366948,0.557110401168476,0.23766774533764656,0.0,0.8126502372862072,1.0,-0.5725130197256414,0.0,0.0,0.0,0.0,0.2165110284444462,0.22566199361890657,0.0,0.0,0.18496513372131076,0.0,1.0,-0.23938750046042778,0.0,0.0,0.5010689401773091,1.0,0.0,-0.1691435895703138,0.27748304922725614,0.0,1.0,0.0,1.0,0.0,-0.20587872123559467,0.17624751695596708,0.0,0.0,0.0,0.0,-0.19481130096222116,1.0,0.2577501058079246,1.0,-0.30038283151443207,0.0,0.0,1.2944520382340259,0.0,0.40748628141506027,-0.28463311605593467,-0.2752140854470753,-0.18269098497419778,1.0424711584470208,1.0469866784197936,0.7435500452254252,-0.3642073412513408,-0.4282895663715403
0.0,1.0,0.0,-0.07255910410069882,0.10875905420140307,0.07209740936934128,0.0,1.0,-0.03572533520223333,0.0,-0.14438843541702098,0.0,0.0,1.0,0.0,0.0,0.0,-0.06692806636365403,0.0,1.148478252199641,0.0,0.0,0.0,-0.0921044566985316,0.0,1.0604248180440126,0.0,0.0,0.0,0.10547684573273607,0.0,1.0,0.0,1.0,0.0,-0.05651715416855968,0.0,0.0,1.0,0.0,0.07331297018514854,0.0,1.0,0.0,1.0,-0.16296377310120858,0.0,0.0,1.0,0.0,1.0,0.0,0.2917429240720844,1.1100251933034544,-1.7645135849361149,-0.7659772668958666,-0.3096494873534037,-0.7049259983890862,-0.4282895663715403
0.10891791704719847,0.0,0.0,0.8572311085599921,0.0,0.0,0.0,0.8154987404210772,0.0,0.10075604487763287,-0.6645007100860687,0.0,0.0,0.0,0.20807633157460803,0.0,0.0,-0.22969581994845648,1.0,1.2605705794661528,0.0,0.0,0.0,-0.2090384610131437,0.0,0.0,1.0,-0.36677568519173803,0.0,0.0,0.16499323280511072,1.0,-0.1648948623810941,1.0,0.0,-0.3383240564861819,0.0,0.283857281126937,0.0,1.0,0.15554445116923793,0.0,1.0,0.0,0.0,0.9335979749223635,0.0,0.0,1.0,0.0,1.0,0.0,0.2569530922366421,0.2097390295674972,-1.4761230039440438,-0.7659772668958666,-0.3118794015104515,-0.7049259983890862,-0.24886475600346686
0.07939812185559068,0.0,1.0,-0.13677136330932987,0.12087157272517055,0.0,1.0,0.0,-0.045949186443827415,0.04756282238313189,-0.1060301488110545,0.0,1.0,-0.05441558490745263,0.0,0.0,0.11144537774894832,-0.030288216208090118,0.0,1.0,0.0,0.0,-0.10922484826501833,0.0,0.02587566109835211,1.0,0.007162224015628308,0.0,0.0,0.0,1.0825772895494874,0.0,0.0,1.0,0.0,-0.016269841716200422,0.0,1.0,0.006283091230991376,0.0,0.10990576767217383,0.0,1.0,0.0,1.0,-0.11023362074921433,0.0,0.10806563130747486,1.0,0.0,1.0,0.0,-0.7417239291270279,-0.5942993724506921,0.9184771676276684,-0.7659772668958666,-1.1034514865623593,-0.7049259983890862,-0.4282895663715403
0.0,0.0,0.0,1.0,0.0,0.43473633550083235,1.0,0.0,0.0,1.0,0.0,0.0,0.0,-0.27957305886059935,0.0,0.0,0.0,-0.5193302931724033,0.0,1.2972898144742002,0.0,0.0,-0.13416557756515213,0.0,0.0,0.0,1.0,0.0,0.0,0.0,0.0,1.0,-0.22948817665797913,0.0,-0.17441148654963354,0.6361760042700821,-0.3332489412021454,1.0,0.0,0.0,0.19204050284942356,-0.18961523262782615,1.0,1.0,0.0,-0.26446107781265366,0.0,-0.18103129557787465,1.0,0.0,1.0,0.0,-1.2364778603818776,0.08745606638288886,-0.8210452974218387,0.1405047057619635,-0.8395941248783899,-0.7049259983890862,-0.4282895663715403
0.0,0.0,-0.2427173167132881,1.0,0.0,0.0,1.0,0.0,-0.5353265194485898,1.0,-0.6944353401761665,-0.3642055854559524,0.0,0.0,0.0,0.3004675718978741,0.0,-0.4192875132231331,0.0,0.0,1.0,0.5738017117951804,0.0,-0.6208059074328784,0.0,0.5671396274790848,1.0,-0.3016471029325439,0.0,0.0,0.0,1.0,-0.3826192554398294,0.0,0.0,1.0,0.8189587810303653,0.0,0.0,0.0,0.5548184207515781,0.0,1.0,1.2495839963230537,-0.31254503673917006,0.0,0.0,0.0,1.0,0.0,1.0,0.46146545222473334,-0.9875727016121244,0.10836822530431464,-1.4267684635113664,-0.7659772668958666,-1.0480140839414664,-0.7049259983890862,2.3348689263480744
0.11738800851935159,0.0,-0.06837221037235286,0.2519325500964388,0.10161308934737538,0.08147565073074638,0.0,0.0,0.8878751688618359,0.0,-0.34049968541437725,0.0,0.0,-0.14143503277051314,0.0,0.0,1.0,-0.25434071514153406,0.0,0.11690722495828784,0.1360089564725184,0.0,-0.34396446644880685,1.0,0.0,0.0,0.13477744482438675,-0.09250883949355639,1.0,0.07804986581746978,1.0,0.0,0.0,1.0,0.0,-0.006875156013876469,0.0,0.9239798473833627,0.0,0.0,0.13540053413769823,-0.09173226187501528,0.9372557423971419,1.1190864221790249,0.0,0.0,0.0,1.0,0.0,0.0,1.1158593783719453,-0.12440656259916727,-0.97472308007874,-0.7185481605208774,0.9184771676276684,1.0469866784197936,0.479692683541456,1.0270789116578083,-0.4282895663715403
1.0,0.00017948595412712112,0.0,-0.001608209815483283,0.0016034903333324835,0.0007993565438485093,1.0,-0.00014758353715501078,-0.0010273697812373383,0.0,-0.0003165140305177689,0.0,1.0,0.0,0.0,0.0,0.0,-0.0008433874401303201,0.0,1.0,0.00018476492125338358,0.0,-0.000832867649435159,0.0,0.0,0.0,1.0,-0.0006475589835165263,-0.00018081074812901268,0.0,1.0,-0.0005758057185678968,0.0,0.0,1.0,-0.0010156372787600506,0.0,1.0,0.0,0.0,0.0,-0.00018144108977629145,1.0,0.0004097269855579707,1.0,0.0,0.0,0.0,1.0,-0.00012445915401150594,1.0,-0.0005624915367300519,-0.7384643456244028,-0.5852774528182318,-0.8701833340815202,0.1405047057619635,-0.4877843092997643,-0.7049259983890862,-0.4282895663715403
0.3896238687681706,0.0,0.0,0.7862509704203587,0.5032369082693134,0.26975293585160315,0.0,0.0,1.0,0.0,-0.46113238420060737,0.0,0.0,1.0,0.0,0.0,0.0,-0.37256039298954985,0.0,0.0,0.3530276435421186,0.0,0.0,0.662666397587143,0.0,0.4601254895706136,1.0,0.0,0.0,0.0,0.0,1.0,0.0,1.0,0.0,-0.27959786582942725,0.0,1.0,0.0,0.2863046120886592,0.4362991750684896,0.0,1.0,0.0,1.0,0.0,0.0,0.0,1.0,0.0,0.3568241855349296,-0.4214608326465708,0.029975590805169955,-0.7451314133870967,0.9184771676276684,0.1405047057619635,-0.5757367631944207,1.0270789116578083,-0.4282895663715403
0.025353298674125897,1.0,0.0,0.0,0.027408331624820297,0.05730050269434911,1.0641900455225473,0.0,0.0,0.0,-0.025678819425250306,-0.054715455626548636,0.0,0.0,0.027604128809366524,0.0,0.0,-0.03958558274438726,1.0,0.0,1.0,0.0,-0.029212646288625903,0.0,0.0,0.0,1.0,0.0,0.0,0.0,0.0,1.0,0.0,0.968712017577362,0.0,-0.06858601881130447,0.0,0.0,1.0,0.03148503961595052,0.024803716390284777,0.0,0.9716189288654751,0.061338830715802296,1.0,0.0,0.0,0.0,1.0,0.0,1.0,-0.08833049487739376,-0.21838254598326295,-0.23012519452554325,0.9184771676276684,1.0469866784197936,-0.13597449372113873,-0.7049259983890862,-0.4282895663715403
0.11067480635077179,1.0,0.0,-0.039982364010663816,0.0,0.0,1.0,0.0,-0.0925787616186367,1.0,-0.03693142506230836,0.0,0.0,0.0,0.0,0.0,0.025828215288303046,-0.035793297766248094,-0.0673730390244213,0.0,1.0,0.0,0.0,-0.030880327338333187,0.03643836905321546,0.0,0.0,0.9735337874729573,0.0,0.0,0.0,0.9650691963649618,0.0,1.0,0.0,0.0,0.0,0.0,1.0,0.0,1.0,0.0,0.0,0.0,1.0,0.0,0.0,0.0,1.0,0.0,0.037145558600386305,-0.07359310841139775,0.2569530922366421,0.08532940615359133,-0.8701833340815202,0.1405047057619635,0.21583532185748688,1.0270789116578083,-0.4282895663715403
0.5438585164372874,0.06734518950043929,0.0,0.6946557579625392,0.2715749357406338,0.10302042447827976,0.0,0.0,0.8161965888494856,1.0,-0.1570925892928761,0.0,0.0,-0.20594212526366493,0.06528377432566823,0.0,0.0,-0.24702008589160776,0.0,1.0865336354955044,0.0,0.0,0.0,0.0,0.0,0.0972595309449788,0.0,0.0,1.0,0.0,0.0,0.9280920005167717,0.0,1.0,0.0,-0.41251290806206076,0.7882142905697276,0.0,0.0,0.0,0.0470216205697283,0.0,1.0,0.0,1.0,-0.606538828411985,0.0,1.0,0.0,-0.4623109972010496,1.0890116253426685,0.4799358714334393,-0.7836161978153439,-0.7231559243510222,0.024146916773074168,1.0469866784197936,-0.6500893570683459,1.0270789116578083,2.3348689263480744
1.0,0.0,0.0,-0.00778385120530445,0.006774982506249146,0.0,1.0,0.0,0.0,0.0,-0.008781067165615419,0.0,1.0,-0.005061633208116569,0.007891320920127919,0.0,0.0,-0.006574597043327195,0.0,1.0,0.0,0.0,-0.00798304841784137,0.0,1.0,0.004644494414072171,0.0050874192210521845,0.0,0.0,0.0,1.0,0.0,0.0,0.9932270693349613,0.0,-0.008355513041303326,0.0,0.0,0.0,1.0,0.0,0.0,1.0,0.0,-0.006009378016288468,1.0,0.0,0.0,0.0,1.0,1.0,0.0,-0.7304056382954084,-0.2457207028737252,0.03679019895247308,1.0469866784197936,1.7110270380666457,-0.7049259983890862,-0.4282895663715403
0.09571634338558613,0.0,1.0,-0.05680861974604597,0.0,0.0,0.0,0.0,0.9066039614129224,0.0,0.0,0.0,1.0,0.0,0.14756036571066677,0.11619707148715341,0.18640101976057818,-0.18567859332675532,0.0,0.0,0.0,0.0,0.0,1.0,0.0,0.0,0.0,-0.07184851679418025,1.0,0.0,0.0,1.0,0.0,0.0,0.9196980997153164,-0.17309907690618623,-0.12092209029162825,0.0,0.0,1.0518149811358444,0.07002731156261603,0.0,1.0,1.1183664572560217,0.0,0.0,-0.048316537504291,0.0,1.2148445393894385,0.0,1.0,-0.22413788031149234,0.34797309223124273,0.12254596016629822,0.9184771676276684,1.0469866784197936,-1.3673088482463285,1.0270789116578083,-0.34858890699796385
0.23513753537980325,0.08222298103191353,-0.3450962419827921,0.9397084774520401,0.11523780512604195,0.11035198303184879,0.0,-0.2803899970210076,0.9045750464252895,1.0805452589040923,-0.23910654098870976,-0.38597252715179947,0.0,0.0,0.0,0.0,0.34426128785081717,-0.4913373302805187,0.0,0.0,0.0,0.0,0.752800044207175,0.0,0.0,0.0,0.0,-0.3450394608623151,1.0,0.2700499604145533,1.0,0.0,0.0,1.0,0.0,-0.20571253582483273,1.0,0.0,0.0,0.0,0.45277751981752745,0.0,0.6028687008464585,0.0,1.0,0.0,0.0,0.0,1.0,0.0,0.21672935510891608,0.0,0.2569530922366421,-0.7033070955442452,0.9184771676276684,1.0469866784197936,0.12788286796283044,1.0270789116578083,-0.4282895663715403
0.0,1.0419667556814098,-0.044056415640061804,-0.034410491258420974,0.0,0.0,1.0,0.0,0.0,0.0,-0.030613838587266465,-0.04428685950975252,0.0,0.0,0.025887120832234132,0.0,1.0,-0.08152928909594023,0.0,0.02797081709351595,0.0,0.0,-0.02898552931944058,1.0,0.025677392039884003,0.0749973516222845,1.0,-0.04695859395366207,0.0,0.0,0.0,1.0,-0.05013143464534984,1.0,0.0,0.0,-0.0586250961605894,0.0,0.0,1.0,0.0,0.0,1.0,0.0,0.0,1.0,0.0,0.0,1.0,0.0,1.0295582593081751,-0.08149103560851967,-0.21322027333207408,-0.7203203773786254,0.9184771676276684,1.0469866784197936,2.238741761434584,-0.7049259983890862,-0.4282895663715403
0.0,1.0822269136370768,0.0,-0.12215974990631205,0.0973990030833229,0.0,0.0,1.0,-0.10011213881591019,0.0,-0.10440514552788714,-0.13709103992430652,0.0,0.0,0.0,1.0,0.04335945085261571,-0.08175034935411654,0.0,1.0,0.0,0.0,-0.047561218482072565,0.0,0.0,0.13409479551044437,1.0294945844548966,0.0,0.0,0.0,0.0,1.0,0.0,0.9250652407449407,0.0,-0.13270566100572123,1.0,0.0,0.0,0.0,0.11030198332919923,0.0,1.0,0.0,1.0,0.0,0.0,1.0,0.0,0.0,0.0,-0.09345778400166206,-0.17783773439103356,1.1772074798615841,-0.8701833340815202,1.0469866784197936,0.7435500452254252,-0.7049259983890862,2.3348689263480744
0.0,0.0,-0.3364732534758278,1.0,0.28990770022289714,0.17212627198963434,1.2719414273148364,0.0,-0.19486182459034274,0.0,0.7287369329627471,0.0,0.0,-0.3140150054630674,0.08660442623916217,0.0,0.0,-0.40233729698184917,0.0,0.0,0.07501296589067688,0.0,-0.19573570754887942,1.0,0.0,0.0,1.0,-0.4700154928622321,0.0,0.06813705497721119,0.0,0.4682955364606043,0.0,0.3876366317136066,0.0,-0.15460926696779478,-0.3158438961806441,0.0,1.0,0.0,0.0,-0.20565673473800636,1.0,0.0,1.0,-0.43462111060858627,-0.4755847485891682,0.0,1.0,0.0,1.0,-0.37271374140078967,0.4019152280685393,0.7842611996269351,-1.7645135849361149,0.1405047057619635,-0.8395941248783899,0.3547014695913545,-0.4282895663715403
0.0,0.0,1.0,-0.030795179010682763,0.0,0.0,1.0,0.0,-0.03864380227330923,1.0,-0.06461242081753654,0.0,0.0,0.0,0.03637263024317983,0.0,0.0,-0.06719866769256613,0.0,1.0,0.07062023575897523,0.0,-0.11262970459786474,-0.07183011917218722,0.0,0.0,0.0,0.0,1.0,0.045151285388812516,1.0,0.0,-0.03831927406487756,1.0,0.0,-0.07547979123362977,-0.07719381207830103,-0.03668587312738445,1.0,0.0,0.0,0.0,1.0,0.0,1.0,0.0,0.0,0.0,0.0,1.0,1.0,0.0,-0.2408572253028645,-0.4644122631198218,0.08018043258413912,-0.7133185492266098,-1.1034514865623593,-0.6697453812122398,-0.3787196561446831
0.0,0.0,-0.16207056211066548,0.962710957356519,0.298943655049672,0.15298298493359344,0.0,0.0,0.7717065529778634,0.0,0.6050311821061294,0.0,0.0,-0.06789180528677645,0.0,0.08351829326749853,0.0,-0.18951101236788295,0.0,1.1008333905403458,0.4996675173484532,0.0,-0.12051981587106769,0.0,0.0,0.25245251341699526,0.0,-0.23489915640340728,1.0,0.43547130390881916,1.0,0.0,0.0,1.0,0.0,-0.11227761967074652,0.0,0.0,1.0,0.27769922087187693,0.2546502108037819,0.0,1.0,1.0,0.0,0.0,0.0,0.0,0.0,1.0,0.0,-0.10390910066697781,0.2569530922366421,0.2115112464252452,0.9184771676276684,-0.7659772668958666,0.479692683541456,1.0270789116578083,-0.4282895663715403
0.15918721168164132,1.0,-0.059431216768501535,0.0,0.049999381256166896,0.0,0.0,-0.07025223358863378,0.8849395692013673,0.06065010080647306,0.9023485073347255,0.0,0.0,-0.15494052999125477,0.0,0.0,0.08873541484922343,-0.01648684311472276,-0.1844666432736065,1.0,0.0,0.0,-0.028041423803417818,0.0,0.0,0.10116105293132834,1.0,-0.049131997649764364,0.0,0.0,0.0,1.0,-0.06181941242540229,0.7802077651928564,-0.15155592876249543,-0.19744891758483363,0.0,0.0,0.9062559428378892,0.0,0.0,0.0,1.0,0.0,0.9062917601906795,0.0,0.0,0.0,1.0,0.0,0.0,-0.10904324114609898,1.3923400237098773,0.8962958402590521,0.024146916773074168,1.0469866784197936,-0.13597449372113873,1.0270789116578083,-0.4282895663715403
0.024059438981225496,1.0215717750532332,0.0,-0.015710061078759725,0.0,0.0,0.0,0.0,0.9835249008263256,0.011531194122886135,0.0,0.0,0.0,0.0,0.0,0.0,0.0,-0.044496963028674986,1.0,1.0,0.0,0.0,0.0,-0.021542440235083504,0.03411597003500326,0.0,0.01946733011138401,1.0,0.0,0.0,1.0,0.0,0.0,1.0,0.0,-0.05055620325870525,1.0,-0.014496517246476508,0.0,0.0,1.039933920784968,0.0,0.0,0.0,1.0,0.0,0.0,1.0,0.0,0.0,1.0,0.0,1.7795518224816622,0.9690534918148676,-0.8701833340815202,-1.6724592395536968,0.479692683541456,1.0412726748802628,-0.4138563122632319
0.27939897302786837,0.0,-0.1406502817556491,0.596909346632173,0.0,0.0,0.0,0.0,0.6073843966781705,0.0,-0.2964416097509406,0.0,0.0,-0.15390391483721888,0.0,0.0,0.46625918729247795,-0.04917779726456157,1.0,0.0,0.0,-0.27102790801069787,0.0,0.7142426684875497,0.0,0.0,0.0,-0.1492762114638453,1.0,0.0,0.0,1.0,0.0,1.0,-0.3903480008517789,-0.25726638406243846,0.0,0.0,0.0,1.1395151756556718,0.22747677755663814,-0.4873998875978244,1.0,0.6572110085665759,-0.17642972920877875,0.0,0.0,1.0,0.0,0.0,1.3141859263412465,-0.19819341127573437,-0.5112791511180027,-0.7114592930898858,0.9184771676276684,0.891893377359892,1.8869319458559584,-0.7049259983890862,-0.4282895663715403
0.0,0.0,0.0,1.0,0.0721978941993829,0.34661082673838445,0.0,0.0,1.0,0.0,-0.2975207449409736,-0.1698353218288161,0.0,1.0,0.0,0.0,0.07458709238447972,-0.25310186898605846,0.0,1.0,0.0,-0.22285329837184514,-0.4013384923764956,-0.29113066954354155,0.0,0.0,0.0,0.0,0.9075955354297534,0.08763939185168473,0.0,1.0,0.0,1.0,0.0,-0.05800154735550775,0.0,0.0,1.0,0.3536549647122333,0.28834594754895493,0.0,1.0,0.08505835905615866,1.0,-0.07228090041350095,0.0,0.0,1.0,0.0,1.0122141938409863,-0.2035061457127882,0.7475844941864549,-0.18723754656804287,0.9184771676276684,-0.7659772668958666,-0.5757367631944207,1.0270789116578083,-0.4282895663715403
0.0,0.23490064394036486,-0.18172000107963615,0.7250074580327133,0.19688411345494394,0.25647815363195214,1.0,0.0,0.0,0.0,-0.29012250863587513,0.0,0.0,1.0,0.0,0.28042650087846027,0.0,-0.12989236695258968,0.0,1.0,0.0,0.0,-0.41747395474478904,0.0,0.0,0.42084017118020534,1.0,-0.21106426635968512,0.0,0.29073945477293167,0.0,1.0,-0.4771426855787823,1.0,0.0,-0.20229841564058357,-0.3081270490263477,0.0,1.0,0.0,0.0,0.0,1.0,0.0,0.8045980827078065,-0.25452471073130295,0.0,0.0,1.0,-0.3978641526233785,0.0,-0.16189057638573326,-0.563756147418873,-0.06885346047048008,-0.6406835422316738,1.0469866784197936,1.4471696763826765,-0.7049259983890862,-0.0025746099580759574
0.19010110333206273,0.0,0.0,0.8366482490003546,0.1385820514692655,0.0,1.0,0.0,0.0,1.188060868780778,-0.1646599582981618,0.0,0.0,0.0,0.0,0.0,0.24069159630175602,-0.15164878874260124,0.0,0.0,1.0,0.0,0.0,0.0,0.0,1.0,0.0,0.0,0.0,0.0,0.0,0.0,1.0,0.6868788116668118,0.0,-0.11156654093132802,1.0,0.0,0.0,0.15063845198536988,0.0,0.0,1.0,0.0,1.0,-0.11661977401202606,0.0,0.0,1.0,0.0,0.18912887781275242,0.0,0.4055760611291402,-0.4876807323672734,0.9184771676276684,0.1405047057619635,-0.4295074418797661,-0.7049259983890862,-0.4282895663715403
1.3089958692414505,0.0,-0.14298616633839237,-0.22521373798873912,0.0,0.3525441809367055,0.0,0.0,0.8792476170145809,0.0,-0.10397942510412764,0.0,0.0,1.0,0.0,0.0,0.0,-0.3422202044951075,0.0,0.0,0.0,0.0,0.5549243966367132,0.0,0.0,0.134150208368507,0.0,0.0,0.8619411171863713,0.0,1.0,0.0,0.0,1.0,0.0,0.0,0.0,1.0,0.0,0.09912092032102336,0.0,0.0,0.7115025715599889,1.4166094056175047,0.0,0.0,0.0,0.0,0.2225715459794964,1.0,0.2864269024181268,-0.11347864093051599,0.6023978416321036,-0.7231559243510222,0.9184771676276684,0.847929033595928,1.7618169767242267,1.0270789116578083,-0.4282895663715403
0.2288670842467366,0.0,0.0,1.0,0.17479275746995246,0.08469793063695852,0.0,-0.2097626480050066,0.8815400865734013,0.0,-0.15218087925688478,-0.08742738670120385,1.358235847007051,-0.20296281598845914,0.0,0.2539153572922628,0.0,0.0,0.0,1.0,0.0,0.0,-0.24241127492582093,0.0,0.0,0.177174524417346,0.0,0.0,1.0,0.2560929221336196,0.0,1.0,0.0,0.5178036722280299,-0.21298239466948576,-0.15728770074871706,-0.16752288944805488,0.0,1.0,0.1657686408826115,0.1538507256357604,0.0,1.0,0.0,0.7542391704100329,-0.16946004668498701,0.0,0.14392044810854995,1.0,0.0,0.3604687876766375,0.0,0.2569530922366421,0.7512144620931479,0.9184771676276684,1.0469866784197936,-0.22392694761579512,-0.555128578301145,-0.4282895663715403
1.060968567066521,0.0,0.0,-0.15878060607528485,0.1263417386881106,0.0,1.0,-0.10692922273899758,-0.12070207779159546,0.28896966045525696,-0.1317353159947763,0.0,0.0,1.0,0.0,0.0,0.0,-0.2980690110160617,0.0,1.0,0.14335947364346674,0.0,0.0,0.0,0.0,0.0,0.0,-0.20222666937099812,0.9313040986772911,0.24998192551251966,0.0,1.0,0.0,0.8502343983194764,0.0,0.0,0.8381323411409654,-0.19724279026625155,0.21063485299818657,0.0,0.0,0.0,1.0,0.0,1.0,0.0,0.0,1.0,0.0,-0.15184316828277983,1.0,0.0,-0.9046043153555401,-0.3389393095912672,0.024146916773074168,1.0469866784197936,1.4471696763826765,-0.5267627135801328,-0.4282895663715403
0.12923938908596394,1.0,-0.06130692624558987,0.0,0.06747684420849782,0.0,1.0,0.0,0.0,0.0,0.0,0.0,0.0,0.9360679115243382,-0.09319646723113084,0.08258508080792828,0.04117716508923348,-0.07332997060974776,-0.08296628062240632,1.0,0.047605776903895045,0.0,-0.03328368312056592,-0.06270261015548617,0.0,1.0,-0.10504540175252534,0.0,0.0,0.10382353276528346,0.0,0.0,0.9125001207056562,1.0,0.07045251084707244,-0.07776571993257898,-0.03685764015686994,0.0,1.0,0.08190093072845088,0.0,0.0,0.9284758620701228,1.0,0.0,0.0,0.0,0.0,0.0,1.0,0.0,0.0,-1.2364778603818776,-0.4282590392217637,0.9184771676276684,0.1405047057619635,-0.5537307954557641,-0.6341644513480357,-0.4282895663715403
0.06175261923961387,1.1100542814250243,-0.142811968111993,0.0,0.07540674513239662,0.0,1.0,-0.02010061531972586,-0.32489257682241574,0.0,-0.35049783092654224,0.0,0.0,0.9434559331272241,0.022082017229842908,0.0,0.0,-0.3181828591236302,0.0,0.0,0.0,0.0,-0.04114555672962992,0.8695168303463343,0.0,0.28016911616667295,0.0,-0.08776650393945905,1.0,0.09617100831096184,1.0,-0.23121417445977313,-0.02382215664663208,1.0,0.0,-0.2702928321893045,-0.22140783381631463,-0.1357699734868628,1.0,0.10308243956751877,0.0,0.0,1.0,0.0,1.0,0.0,0.0,0.0,1.0,0.0,0.0,-0.00836949933269362,0.2569530922366421,0.6425143862295459,-0.8701833340815202,1.0469866784197936,0.5676451374361124,-0.524292687509055,-0.4282895663715403
0.0,0.0,-0.2088884756391614,0.4499256194116895,0.27278632179991846,0.2893902088014769,0.0,1.0,-0.39608977962057323,0.0,0.0,0.0,0.0,1.0,0.0,0.0,0.0,-0.5228312229761807,0.0,1.0,0.0,0.0,-0.3794752530491629,0.0,0.0,0.0,1.0,-0.2843034061997782,0.0,0.0,1.0,0.0,0.0,1.0,0.0,-0.38710538156628876,1.0,0.0,0.0,0.0,0.0,0.0,1.0,0.0,1.0,0.0,0.0,0.0,1.0,0.0,1.0,0.0,-1.2364778603818776,-0.8291344924443494,0.024146916773074168,-0.7659772668958666,-1.0154990326677027,-0.7049259983890862,-0.4282895663715403
0.3056496156701933,0.3003409805125462,-0.25704424081722943,0.7825770679467177,0.0,0.0,0.0,0.7715604242602123,-0.4810438013826237,0.0,-0.2300219255040451,0.0,0.0,1.0,0.0,0.0,0.19371870009212394,-0.14610160122813146,-0.2772617492915948,1.2300055984803608,0.19635715303519996,0.0,0.0,0.0,1.0,0.0,0.0,0.0,0.0,0.0,0.0,0.0,1.0,1.0,0.0,0.0,0.7759158488564153,0.0,0.0,0.0,0.0,0.0,0.8107250228918123,0.0,1.0,0.0,0.0,0.0,1.0,0.0,1.0,0.0,0.2198836018496851,-0.10069265986417092,-0.8701833340815202,0.1405047057619635,-0.13597449372113873,1.2498573163391105,-0.4282895663715403
0.25558228541394573,0.17746356400594404,0.9434964998204691,-0.10131305899749558,0.0,0.0,1.0,0.0,0.0,0.0,-0.1372545535912967,0.0,1.0525715109949267,-0.056525138825072624,0.0,0.14680747671105657,0.0,0.0,0.0,1.0,0.0,0.0,0.0,0.0,0.0,0.0,1.0,-0.18240879644794433,0.0,0.06411296480787028,1.0,0.0,0.0,1.0,0.0,-0.15866508292692907,-0.10648773768033583,0.0,1.0,0.0,0.0,-0.1719104791548069,1.0,0.0,1.0,0.0,0.0,1.0,0.0,0.0,1.0,-0.12895680505918802,-0.738667542842371,-0.3616236853704409,-1.6230971367734575,-0.7659772668958666,0.919454953014738,-0.7049259983890862,-0.4282895663715403
0.0,0.0,-0.4087641252481763,0.1725652014574256,0.6926017504058376,0.0,1.0,-0.252388824425984,0.0,0.0,0.06526898371490042,0.0,0.0,0.0,0.0,0.0,0.0,-0.17701838395397423,0.0,0.0,0.0,0.0,0.0,1.0,0.3072968588547224,0.0,1.2697640760617483,0.0,0.0,0.0,0.0,1.0,0.0,1.0,0.0,-0.45336833040543834,0.0,1.0,0.0,0.0,0.0,0.0,1.0,0.0,1.0,0.0,0.0,0.0,1.0,0.0,0.0,-0.6933547071075468,-0.2408572253028645,0.2754084406425795,-0.8701833340815202,-1.6724592395536968,-0.15822513042369918,-0.7049259983890862,-0.4282895663715403
0.2765179317439518,1.3406070228015357,0.0,-0.21737410549919398,0.0,0.0,1.0,0.0,-0.39131573222853583,0.0,0.6244684474301008,0.0,0.4067573691352199,-0.2868730441531272,0.0,0.0,0.0,0.0,0.0,0.0,0.4425320212455865,0.0,-0.3033793944494126,1.0,1.0,0.0,0.0,-0.21470070186044882,0.0,1.3637527730953098,0.0,0.0,0.0,1.0,0.0,-0.1877023629082005,1.0,0.0,0.26004336002834116,0.0,0.0,0.0,0.3389897745932664,0.0,0.5119580477525266,0.0,0.0,0.0,0.41827559970811545,1.0,0.2189821545001803,-0.39339850423647854,-0.07492045278969563,1.1330640124541778,-1.5679790243829643,1.0469866784197936,2.1507893075399283,-0.7049259983890862,-0.4282895663715403
