,0,1,2,3,4,5,6,7,8,9,10,11,12,13,14,15,16,17,18,19,20,21,22,23,24,25,26,27,28,29,30,31,32,33,34,35,36,37,38,39,40,41,42,43,44,45,46,47,output
29116,0.010900150902696571,2.4113620315334807,0.9117254799806532,0.06001441711312459,0.7820099381372033,0.7209705125325058,0.3639265911959674,0.36025749610122376,0.35433096011980736,-0.04620344172892548,-0.046876846375637264,-0.04933475601381394,0.37532258894228376,0.4743093178310485,0.1723071547092571,0.3729680212791636,0.2284052349066237,-0.08210334010748416,-0.6809492182503845,-0.6813436546473678,-0.6821703760627839,-0.6655319509279971,-0.6656829411931254,-0.666534298696968,-0.09720505327062247,0.7947539630707081,0.8996781702169868,-0.09327802695636002,0.26506897563202136,1.0793561682538408,-0.8415706609596431,-0.8689857248329789,-0.8718497869673124,0.6626589752324314,0.6571333815559084,0.6167706876388671,-0.009959641944703685,-0.4526051734126446,-0.20277162950189345,-0.011635886698692834,-0.5058035177996956,-0.2701035627683421,-0.7417053449998948,-0.7875833200838714,-0.6871525611025278,1.4137009384883326,1.4521866304771764,1.2869137614018915,0
16895,0.08125969916794983,0.10046029174790094,0.04073961922380087,0.13201513632147824,-0.08123342530470433,0.0018602083629536254,0.5217392694755822,0.5216169167154959,0.5212924734157349,1.035085575184393,1.0351887435061524,1.0352287968057343,-1.0476108667336543,-0.714822261827761,-1.1441127772937183,-1.0924221379020238,-1.15409561361876,-1.2051378078426227,0.6025585694457508,0.6027517671283993,0.6039045431750781,0.5935482898964317,0.5937304709048599,0.5951455688382892,-0.0374567488567141,1.3485999076322526,0.7277789901850249,-0.10563768830958127,-0.6703386669533115,0.2834997906260908,0.9584555656988082,0.9581674539666624,0.9564349727426004,-0.4803495553281777,-0.4795502936855659,-0.4825213870551376,-0.0005272525142548804,8.670513552264245,0.23984005516153176,-0.003626618096126649,0.215819874417067,-0.4638471138847846,1.3363276516642109,1.3392137602975591,1.32298289922241,0.02258513305797374,0.06118855716527369,-0.004525938497250851,0
5020,0.21133456951852014,0.07378885452479278,-0.2723047909873271,0.03086841606501606,-0.18885598410033,-1.5701244557511955,0.3534788708789329,0.35337421694177745,0.35509872533121906,-0.15557178107145028,-0.1554218564067347,-0.15007710827368956,1.120382759277318,1.525042184101263,0.5116521743873165,1.05543869307569,0.7785474552214832,2.266956064221759,1.499087883634593,1.4990918988686237,1.4993270107822136,1.5243584579585363,1.5243500743797374,1.5226222450128817,-0.08089448223947565,-0.26652087477983555,0.17571508115413864,-0.06487819567520481,-0.082811328883874,-0.8700814815912339,-0.3108369417825082,-0.31078695713276605,-0.27166780130797424,1.1946117222776484,1.1983356270303802,1.2263054448114472,-0.003456304102647702,-0.01807797176136984,-0.8228600447721384,-0.0051438944518178995,-0.5149950522231515,-0.6405937462805328,-1.5619815278935856,-1.5783155679179637,-1.5958439335781351,0.14905020627890267,0.15602933489107568,0.3419578834269417,0
46396,-0.120626394995275,-0.1806257316129166,2.924399719215315,-0.07377377943225193,1.09063605013221,0.7003240428827723,0.3562210546891782,0.3565004871576216,0.33760464658548056,-0.3197671864163823,-0.3207063034995421,-0.323100631596534,0.7749315004216877,0.7945212456885432,2.431903946588106,0.7579568773334917,0.9040853088740568,0.2392960085737939,0.6413314611029135,0.6412771314287049,0.6421939891068537,0.6603576543606842,0.660544186026133,0.6599759623503573,0.08316497315730373,0.6788589963249274,2.316284413863421,0.07407384200359984,1.5396160930651366,0.5490686039727654,1.0655231833902783,1.0637521613256005,0.9337640826282316,-1.2421057272492837,-1.253390632330991,-1.2523165957071756,-0.007597867337859317,-0.16142807812499615,0.8444295222234041,-0.00985760363587135,-0.0013637563505310571,-0.6232769930677827,-1.0151307392977715,-1.0057163539691216,-1.2378746050271623,0.2122827428893672,0.21925652004161034,0.1844652370977251,0
14200,0.03509181490727068,0.5788145074067832,-0.14480312315659288,-0.09288227091089836,0.25400155352666376,0.22533145054271525,0.05661005158178075,0.0557313536550567,0.05666016159964635,0.27651363252853584,0.2763077981669253,0.2755529367885511,0.32302905841969004,0.29636383170424824,-0.03914561601118741,0.2998875327393105,0.20707598792681764,-0.33042751561458705,-0.8345398987503706,-0.8344444530355952,-0.8353281597898846,-0.8207506999464488,-0.820911798129016,-0.8210718646268986,-0.13000470377134335,0.4049919737544915,-0.14597508986560004,0.02326627564951547,0.01174605465260528,0.06306812690207612,-0.3289850825387888,-0.33200143644045105,-0.3563083570999889,0.7048607486536046,0.7043555631526931,0.67671512732557,-0.011203532784970271,-0.17382120010331845,-0.8901913034060793,-0.010935205599765869,-0.6039340900729716,-0.924759077365399,-1.972119619340461,-1.960048377217212,-2.0914937731103125,0.11743393797367045,0.12441574231580835,0.2159637663636244,0
33940,-0.05474458946076655,0.12551887834322314,-0.035451562749101814,-0.1003988207317354,-0.1366398588386942,-0.5713570128023111,1.1701012095699719,1.1699614820048607,1.1700540770586394,1.7279522806079552,1.7280356340316994,1.7300606992820151,-0.5290709651989266,0.10012908752566202,-0.4495216353774979,-0.5171607534000575,-0.5640829366280771,-0.7379025660308924,0.9465116405979992,0.9469783987986612,0.9477587831114124,0.9424137306514948,0.9426186299403808,0.9439230347094172,-0.10906821406438344,-0.26123074334849694,0.6993999483477685,0.05299337250350507,-0.1819421890947212,-0.15257058217958605,1.0132591031204243,1.0130068188073993,1.007011457649698,0.2864036626308136,0.2877291586659657,0.2935752313459501,-0.014451279306817284,1.5695079129910017,0.2212964117952935,-0.017001513094583066,-0.3787427013555021,-0.4650807612112865,0.051228298464068976,0.057682186221593726,0.05632219819576874,0.14905020627890267,0.15602933489107568,0.15296670783189578,0
22594,-0.011491351753039655,-0.11414244468585465,0.39710340212912815,0.07363846320708807,-0.021345898196804918,0.11081207081315504,0.44882460196116064,0.44902711617743024,0.4464079451169702,0.5632268480251298,0.5632676515292095,0.5629115836870877,-0.7320640508485428,-0.7556282949564174,-0.8864146796434631,-0.7810508172053491,-0.8086075180751412,-1.0483335987386286,-1.077683451593996,-1.0776045445933675,-1.077327468391366,-1.0799509410258044,-1.0801289184491438,-1.0796395968901489,0.05649071221518427,-0.1210936209173592,3.6801948963564,0.016116959070821595,0.6662929705595212,0.17750981697523438,0.17693121447339735,0.17773642752968394,0.14673649836360214,0.3658607408243213,0.3660143019134657,0.35823053201867905,-0.011650686291601377,-0.13385603680868915,2.052303586993777,-0.011489994741414829,0.21133051859119392,-0.3841321742932856,0.5160514687704594,0.5212148832277501,0.4418276289429702,0.02258513305797374,0.029574964590006362,-0.004525938497250851,0
16063,0.0759034208033311,-0.031408067632995064,0.022197244744767062,0.13033609405544214,0.044244967387352716,0.002539950270586714,0.4115857458180301,0.4116764141249764,0.4114746279977369,0.8008108007022278,0.8008001145836801,0.8008302104367059,-1.087552135543688,-1.2757028362126064,-1.2184925765182664,-1.1420621123943675,-1.3120996282098816,-1.2236858543669862,-1.5492118436827145,-1.5491650102172367,-1.5485629369504037,-1.5559802209848186,-1.5559380182770681,-1.5553891474188284,-0.028476754355607082,0.10706769329629848,-0.058481817291616674,-0.05503440444693057,0.16479572880987411,0.011715844931949243,0.7847720871676765,0.7839854133351434,0.7824708532968029,-0.1598811028458716,-0.16067907001293733,-0.16407731528361033,-0.008760858695018307,-0.2008377158464376,-0.7968351504465734,-0.009445109115567512,-0.4158381120168761,-0.6257138272929718,0.8441619419279721,0.8484144340556858,0.8273330596902327,1.1607707920464747,1.1676642972997706,1.1294211150727451,0
39904,0.02910396703696703,-0.18268139614074205,-2.172904549959189,0.0022432216569910307,-0.7603610246301246,0.2539977694311247,0.7388653835708021,0.739194354369071,0.7531301470759529,0.22538983776063964,0.2260440577263887,0.22519078640317886,0.3903336774412639,0.2062667490065169,0.762652672964979,0.4363606064390943,0.23084286313288704,0.2964607875886593,-0.5463697620468142,-0.5462547148930502,-0.5467808973105589,-0.5585365025754725,-0.5584293458668711,-0.557981081653504,0.02411489174970053,-0.00032980723602212057,-2.6931886285138917,0.17845763015432772,-0.4290618983717219,0.7155527451819824,1.4999114372944948,1.5006446625913068,1.4146255940014194,0.6950285042227847,0.7038695715753677,0.5960530301841931,-0.011379550448216504,-0.4903482344145226,0.8300759593363235,-0.0117466047046271,-0.3537902352535561,0.25491237104865355,1.0629022573663345,1.0665474679409963,1.1577662860450382,-1.969239770171868,-1.9304677750767785,-1.8314406359155615,0
37802,0.07225401167023889,-0.015611131763213541,-0.007332687213779656,0.06837128685016998,0.008745280210593256,-0.05357273315181079,1.1014369269614308,1.1015126183316413,1.101421351195656,0.3550795395638647,0.3550826544629139,0.3552893728627181,-1.0621608302918168,-1.2764673871639516,-1.033201447889543,-1.1302049610837228,-1.2060475651910019,-1.1535440134493211,-0.5621290663977898,-0.5620150911977205,-0.5610455928537695,-0.5592899916483774,-0.5591828840073365,-0.558232362248512,-0.04112229213378892,-0.0041327954091625275,-0.6504125585228324,-0.02871334723363246,-0.07272898099331684,-0.5333170300440171,0.1941174396418892,0.19417668644870664,0.19333563412782784,0.2283205890487486,0.22920767289636534,0.22953791458751716,-0.006301024108649568,-0.4218388600505077,0.8879251673357688,-0.005514420052904776,1.2338274864597385,0.5190804312730616,0.8988470207875474,0.9029476925269984,0.8824052640826902,0.02258513305797374,0.029574964590006362,-0.03602446776308018,0
52538,0.06273375330125892,-1.2461187777070406,0.40603247129723496,0.2154128940892051,0.8877882655727307,-0.4964196122534926,-1.0213149823875296,-1.0194971825809445,-1.0219978620801908,0.1394068590529413,0.1386559984448393,0.14035029177715633,1.0484668908475605,0.9775637381576446,0.5393538086467501,1.0967175857379698,1.0500382989215884,0.3196458457441136,1.6351682259668276,1.6349313327326882,1.6344662317178915,1.6431585684532408,1.6431579211931289,1.6429856500217228,-0.05977540390121022,-0.4509692680108502,0.9711292739394984,-0.06510644426898546,0.377905855025692,-0.5176083424528278,0.013731333295045604,0.02680304344134182,0.04204112178054638,0.9924842446885116,0.9836792222204672,0.9899114012675024,-0.004072120774060723,-0.495723761284487,-0.5178395841474941,-0.003971962345683353,-0.3441931329066537,-0.7098302987037187,-1.1791859758765584,-1.1965827586187758,-1.1552662984384152,-0.2619612816891164,-0.2865609611626669,-0.2880127018897148,0
3406,0.1711227385052045,0.13284510831542065,-0.3438350923525845,0.03457700666099716,0.8064230390917622,0.7240210615813957,0.5721131860697877,0.5719663212443544,0.5741037518864126,-0.43497171275724295,-0.43567436221180345,-0.4381487889929099,0.3379420352291353,0.11317142728390255,0.1440587776683877,0.3346376209499041,0.2788336688374515,-0.34136297826685624,-0.7952667117169865,-0.7954187593287921,-0.7960376825919191,-0.7893553219087356,-0.7892631962294652,-0.7894105096558885,-0.08417393726543794,-0.2830332753155185,-0.2220721173727593,-0.04937269807820199,0.8308254642673011,1.3064858579989471,0.9911735212247952,0.9911634771366916,0.9911277213952618,-1.630843539467806,-1.6377289713991612,-1.6554244637372415,-0.010046425026582744,-0.5129777320282027,-0.0035325777905205634,-0.01295610898606064,-0.1386786148671302,-0.31209326251113223,-0.5229650295615328,-0.5421836569629045,-0.4943998457288658,1.445317206793565,1.4521866304771764,1.444406407731038,0
36149,0.1268696435760687,-0.4412235118426403,-0.6886221097110659,-0.08864073217034105,-0.41377271730129256,-1.2372609225759423,1.137798284285283,1.1385342393087434,1.1428258322396452,1.7229885133155562,1.723522953459453,1.7278042631406116,0.6039228255607494,0.4587184749016576,0.7621059301835426,0.6787687975323826,1.7450670469349885,1.1087826227194368,0.2273370372796619,0.2272545475520452,0.22551472455518184,0.2434270340198596,0.24333523558840764,0.2431014552320561,-0.016036756293671427,0.05214534333414448,-0.8663679123747288,-0.15497932807010958,-0.4672113228224789,-0.4475655286196152,0.815066015412436,0.82024125365227,0.7869742389392157,-0.14257352031384216,-0.13425327799586867,-0.1814011266515775,-0.005761694221265552,-0.5218416327180377,-0.6219246629013833,-0.009495871522620408,1.2908479271819195,-0.7942056837508922,-0.6049926478509565,-0.5967169154342776,-0.5494720501213233,1.5717822800145638,1.5470274082030486,1.727893171123572,0
29440,-0.16844383449612793,0.7061505045156901,0.3498613588770218,-0.011131604081595064,0.9635006756242788,1.0478213693215412,0.2797689700595403,0.2787002362598156,0.2764027911615176,-0.0645693807108018,-0.06537883672184702,-0.06895070753641776,0.3565832562409415,0.3996531661114644,0.7657964439582365,0.36464906076814296,0.4121414624612403,0.111402722189962,-0.6749456737357271,-0.6753397017693982,-0.6771652197318331,-0.6871319710179433,-0.6870331885063141,-0.6871393074876249,-0.09317076256216812,0.35605825801461005,0.3289390207512609,-0.1550363902185547,0.8217728364185809,0.9634914969919179,-1.4486804778072033,-1.4547517650999835,-1.4725449789676661,-0.20819262486397375,-0.2176919569279234,-0.15824192619124244,-0.012749938662069523,-0.4350897788697818,-0.9919421158722715,-0.012406515996314732,-0.11113212026472437,-0.28327769779827083,0.5980790870598831,0.5757481416991233,0.4418276289429702,-1.3052981357619204,-1.3298095161465588,-1.3904612261938811,0
9310,0.05214781726337982,-0.5033794629335444,-1.1372430242209919,-0.1639611943176318,-1.3215443756608245,0.11395988374476322,-0.4274128127646106,-0.4266850487572322,-0.4192747509358676,-0.3670433094467159,-0.3659384051020241,-0.3663339480658312,0.7441244299074395,0.3121045865848833,0.945538133355383,0.7888107435325942,0.9811753015296422,0.8127741980505083,0.5727909945605744,0.5729821674417995,0.5716212848404444,0.5829994428757603,0.5826785781780323,0.582832819682896,-0.11560672315191635,-0.009463630036222768,-0.5390248193116012,-0.004808757882689914,-0.8929206454623632,0.6026341806365688,0.8903006399186845,0.8939079876063605,0.8432088237560111,-1.6199188234335615,-1.6053295329108015,-1.6373914905004099,-0.009139860515879977,-0.6002423033025361,-0.614486907587169,-0.010983969486856057,-0.2224906316807476,-0.343041057171034,-0.3589097929828068,-0.35131725231331074,-0.3842554369439512,1.8879449630668863,1.8631633339557219,2.011379934516036,0
49476,0.0992627071573348,0.2164631331062045,-0.09400815185853834,-0.08469953590934105,0.006961110025057477,-0.5513294951335117,-0.9426417288715933,-0.9430406794074924,-0.942314801210103,-0.017940051600386902,-0.017950563907538526,-0.016074887289521698,-0.6211978416730636,-0.6293874408137226,-0.8952536879433483,-0.6670073458960393,-0.3972425197167497,-0.32010218607167223,-0.11886736306558318,-0.11897340174420712,-0.11808925756460498,-0.12477795960643412,-0.12464255633890516,-0.12477333585968135,-0.010683186220418169,0.0814362361039733,-0.3688077840982185,0.052678389444087786,0.7378624436963633,-0.5212181965323449,0.02176653483837407,0.01977518568641846,0.02257520526582081,-0.2731441078786793,-0.27429985086180503,-0.26328906073770525,-0.016995445475576968,-0.15212302477410025,-0.13399051603087386,-0.014879484598175044,0.7300398461072841,0.4500875622723948,-0.058141859255142425,-0.051384330721091866,-0.05382221058914596,-0.13549620846818744,-0.1284929982863303,-0.1935171140922268,0
50488,-0.05283551758334841,-0.27954243663311235,0.4280427755436058,-0.2583134647572991,0.7768517431453574,1.2675051116973994,-0.7248300688238117,-0.7244485751049152,-0.7271211805258461,-0.12223933161703755,-0.12290047174941307,-0.12721188870746428,0.2954596736601238,0.30640793243760583,-0.3331109848300433,0.4190908656314054,0.2518674065844103,0.34700796903283804,-0.6887037965818167,-0.6888485957448301,-0.6896781105592101,-0.68662964496934,-0.6867820091261589,-0.6873905880826334,0.03468310132869972,-0.06721902514160623,0.19485949123225554,-0.0683361618709814,0.3551105258552535,0.11287246850883427,-0.7191252194047241,-0.7200608501285767,-0.7430606556894219,-0.9736207152299226,-0.979068636579857,-0.9983252069315586,-0.012984792313030385,-0.5169971229400909,-0.7909342412596626,-0.011755797896455578,-0.48497740415451795,-0.8648891064952837,-1.2612135941659213,-1.2783826463257446,-1.3755551160083055,-0.6729727696572056,-0.6659240720659451,-0.602997994548078,0
43857,0.04425326816736848,0.13151666661530229,-0.08917599971949147,0.005700994331214124,-0.2913715765530012,0.010978653156931958,0.10952871475189384,0.10933591848760564,0.10989645295521268,-0.26746712921737825,-0.26723103871842363,-0.2672764014582037,-0.7153850636274529,-0.8579432016805466,-0.8930667168176034,-0.8195918241298252,-0.6194170973642599,-0.9881322341718244,-0.9143370112576924,-0.9142469933719424,-0.9136588563692682,-0.9229740508372409,-0.9228906264720121,-0.9223379444151296,0.02062428674228436,0.06458228824772339,-0.3126676311733879,0.017021394123677355,-0.2501578666754529,0.13489024945577335,0.4802937397796194,0.4779732871328195,0.4728791280790807,-0.5089763575290214,-0.5074036859610279,-0.5094391454204527,-0.010355804261982116,-0.4044378384197717,0.1434827026892727,-0.009389550260604104,0.16164242468300585,-0.7621613136896551,0.5160514687704594,0.5212148832277501,0.5244359355317173,0.054201401363205975,0.06118855716527369,0.05847112003440781,0
37843,-0.017320365958742926,-0.018339657412318446,0.0905783598874794,0.05491658279255267,-0.012515845633023574,0.011204128521415129,0.7004199665511636,0.700499904592263,0.6998253052550821,0.061811142897490526,0.06182460324863138,0.06178870678728021,-1.052124004452302,-1.1986480932731156,-1.1303029658726096,-1.1016045854534289,-1.2100239462350946,-1.2056540743197683,0.5812960159563392,0.5814877673522567,0.582882886585084,0.575464552146709,0.5756455555336879,0.5770533659977116,0.02383896870630308,-0.7414899324901358,0.4995451234737027,-0.08093548424767233,-0.12206514773064693,0.1273293518627717,0.7985338928436405,0.7998096438169192,0.7983930800268151,0.3306285316138837,0.3311849055384787,0.3293372513043853,-0.00032426835663944037,0.1652046199219923,0.17569847716916445,-0.003304056974144869,-0.3284040925602019,-0.76219177411747,0.5707365476300954,0.5757481416991233,0.5795081399241747,-0.2303450133838841,-0.22333377601213228,-0.2565141726238855,0
34181,-0.03771912667669208,0.2490981575278115,0.03047820203846346,-0.00948930584231335,0.8628275480265717,0.002126667190745797,1.1729805025707296,1.172676400876515,1.172329952506753,1.822414276354215,1.8217489672486804,1.821822435699104,-0.5376066821885429,-0.5334437920174696,-0.7545585455204364,-0.5065251203416641,-0.05435963933995062,-0.510886116035077,0.95026385591966,0.9502305399408952,0.9517629081761734,0.9479393171861322,0.9478933969236392,0.949199927204586,0.005897850596151349,0.6384511234743877,-0.36405887185529057,0.029593326669114607,-1.2140203684321609,-0.005923171371844879,0.939319858272398,0.938685554638734,0.9456191491056944,0.3547741771451253,0.3523964129238269,0.35583964343222274,-0.016733135030349292,0.027646684608221284,-0.4343859397252365,-0.017438389558431994,1.3982230387953791,-0.4492565689614648,-0.33156725355301914,-0.3240506230776545,-0.3291832325514327,0.0858176696684382,0.09280214974054103,0.08996964930023713,0
10713,0.02211333349314155,-0.03610189497341328,0.0015375631455282052,-0.010153893456653023,-0.0636249021270601,0.05718430275078519,0.3524642628691421,0.35255151425339737,0.35249380764964355,0.5084599488989939,0.5085288361878619,0.5083509577879434,-1.088346840228928,-1.2783712689447524,-1.182270867248119,-1.1709257462686815,-1.2997896056672504,-1.2015755691503172,-1.900219079639686,-1.900196121815865,-1.899774756693236,-1.899244726297954,-1.8991997591971133,-1.8988143366162864,0.020388145579450682,0.1261558228735506,0.2952389085695189,-0.017336866698121282,-0.02424646003112801,0.4322607127739364,0.7606600697671059,0.7598833007278643,0.7591584552561644,-0.6255977011945784,-0.6250136476737749,-0.6262482361062195,-0.008914812862871557,-0.29231153706679,-0.7094813965125738,-0.008164857227453954,-0.3937366679510391,-0.7595874075392991,1.0082171785066982,1.0120142094696234,0.9925496728676048,0.4019803527208308,0.4089380754932845,0.373456412692771,0
3495,0.17796137143935972,0.6232759030611513,-0.5450175179974395,-0.00570946378575641,0.5409703125764534,-0.52334402342413,0.5439783801766712,0.543062033459269,0.5465190446478343,-0.4883698154482019,-0.488848781621439,-0.4870984103537633,0.2863352865332925,0.09413260947589604,0.3235726575732685,0.3803392521117133,0.16548395631619506,0.05095261104780567,-0.7980183362862047,-0.7979204063612797,-0.7980397451242999,-0.7948809084433736,-0.7952915013531895,-0.7956925245310889,-0.03031641131962668,0.10085307287695906,-1.2530666868934408,-0.09693571067169468,-0.05359531533042866,-0.07236428240894567,0.008678967861744116,0.004126394970000091,0.06391910809804575,-0.8970667791677372,-0.9016137289436212,-0.9134587929962016,-0.011661963189246682,-0.5689902318436089,-0.2179661081944796,-0.01116063865155983,-0.5722491964418136,-0.8581878123760138,-1.534638988463798,-1.5510489386823072,-1.5132356269894491,-0.8310541111833668,-0.8872192200928164,-0.7289921116113953,0
44783,-0.12002675956263087,0.0885133167293568,-0.3479447591234361,0.08841275709510099,-0.016376719254317638,-0.08803067414753303,0.3585244890897841,0.3584201267638417,0.36063760292783215,-0.12652622155138218,-0.12652565847578426,-0.12623409971285593,-0.3742507191113987,-0.4044295667767581,0.18675027651886295,-0.4334446318018107,-0.3061513999365629,-0.4613714675451897,1.5218513232526696,1.5218568868642592,1.5221004720880411,1.5321445117118888,1.5323878145447016,1.5336785911932345,0.04916676599857175,-0.04606491947866875,-0.4099459516002091,0.0054224282713785,-0.20290341132041173,0.2952725728015485,-0.0831117629752889,-0.08405512401894394,-0.08733819678951207,-0.09225508749833808,-0.09264733656455056,-0.0938956174756615,-0.019799960889973846,-0.29001590933052857,0.2908749454267067,-0.017099840276748518,-0.29048148395595685,-0.6466706016295982,0.4887089293406717,0.4939482539920939,0.4418276289429702,-0.8942866477938313,-0.9188328126680836,-0.9179832872063712,0
40900,0.02366680761399166,-1.1268650343021058,-1.0845440914820468,0.1196276066061179,-0.7055993654701154,0.5168047805357836,0.6206224176730263,0.6223705726191051,0.629300586549691,0.4467287338444319,0.4473368876282024,0.4456069901493081,0.5157204166680452,0.34373600829739803,0.8447096520788594,0.4964887893731806,0.3242344945516101,-0.10402119872812632,-0.2556981484621503,-0.2560636591245149,-0.25648183011540016,-0.2631687859966714,-0.2630423948043996,-0.2639827854941234,0.06436038422927419,-0.15595455983989348,-0.39394841108065903,0.053930903602459015,0.16885696561610167,0.9958986708735192,-0.9243210525918144,-0.9158680556926121,-0.9326903986947238,1.574751378358109,1.5759915819103267,1.5636638767139657,-0.010625469205674127,-0.5286108752172057,0.12704134883679874,-0.013149965422443744,-0.0911428418200048,-0.6106206853107067,-0.9057605815786208,-0.9511830954978091,-0.8248330720836711,1.8247124264564216,1.7999361488051873,1.6963946418577427,0
10264,0.15266372868680875,0.3770641744131972,0.5880945341685,0.4918078536010039,-0.7473418817911158,2.6301278977240283,-1.1681315035880608,-1.168790297098976,-1.1724250031446446,-0.1484871313904808,-0.14785559531393508,-0.15680128797507295,1.099484969406188,1.2480048982020833,1.4200197438450854,1.203284522917122,1.968110029638105,1.5245648700861778,1.6864485020295268,1.6864652616019289,1.687270631009424,1.694395825410789,1.6943985147447818,1.6939956108083498,-0.030021617384166924,-0.14759563857338526,1.117967929123238,-0.08369158601757347,0.5637008885286567,0.3304511830409725,-0.1940988660484688,-0.19342070591148391,-0.0825640948022135,1.0568389145124577,1.0604355169642974,1.1025060442754482,-0.003524455788417142,-0.455832123433368,0.4432546888036917,-0.0034059814922432013,0.6960685131136464,-0.620962000553853,-0.8237329632892579,-0.8148499493195277,-0.8248330720836711,2.4886540608663688,2.5270487780364057,2.5783534613010337,0
674,0.026175514924053903,-0.07104189174868096,0.024398700160797208,-0.033313813276562555,-0.003825170324330128,-0.15145556785097555,0.6787292926121236,0.6788902473108138,0.6786295013828942,-0.2665195009161021,-0.2665240520954384,-0.26601279721901755,-1.0495829116933246,-1.1943006466870356,-1.1928047781704565,-1.1260454808282128,-1.2267369347614143,-1.1454104697684704,0.33440024779105204,0.3345752052457527,0.3356281638361041,0.3225433866748957,0.3227079197174392,0.3240138068246379,-0.024017613563695996,0.20320941199845968,0.4025414389356291,0.012839309264131713,0.052478949742678485,-1.5556626394350237,0.023539024628139418,0.023444405065769426,0.019549853885533246,-0.26021652723815697,-0.2590417402986929,-0.2558428611146317,-0.0012043566728706268,-0.13780190227706732,-0.6196048951620571,-0.004322902451135652,-0.23563745723880536,1.7198304957350001,0.9261895602173352,0.9302143217626546,0.9099413662789188,-0.1038799401629552,-0.09687940571106296,-0.13052005556056814,0
41530,-0.30555117342070826,0.1479565826683931,-0.04743334509352995,-0.005920342547998808,-0.2654216161316937,0.012939404610819924,0.3845752352871141,0.384390108293705,0.3846302657844484,0.5722669211849232,0.5725186467023143,0.5724939158342492,0.728426559581708,0.7927223022736134,0.2764616545728505,0.8281941768379326,0.6726629791431592,-0.1292243894760592,0.6215697937421661,0.6215141198720547,0.621422590333407,0.6018366696983874,0.6017682110698247,0.6021814254985135,0.07112330392511558,0.0212147666230974,-1.6259993374886772,0.024808094900503643,-0.12293896868218038,0.1443224488248344,-1.019307010500658,-1.0264323262526278,-1.0133536053438668,0.5810574157433129,0.5808023294422375,0.5929225870773499,-0.00826761699801074,-0.28128272054026715,1.0532086187627554,-0.009714509606541142,-0.39516619449308815,-0.7053373856010263,-0.058141859255142425,-0.051384330721091866,-0.02628610839291728,0.3387478161103663,0.3140972977674825,0.4049549419586003,0
33147,0.11635650049071054,-0.09393321031291574,-0.05507044042674649,0.016468431979983402,0.19547723843082174,-0.15550528224051646,1.099517398294259,1.0997300958401512,1.099968081331198,1.785562064637919,1.7854970999849689,1.7860203155888301,-0.7665012538756165,-0.8605366784370703,-1.0653909291465984,-0.8645563322083804,-0.8765411697058242,-0.9543590199032718,-1.3806123018960854,-1.3805540002275878,-1.3801394264139022,-1.3795884290177338,-1.3795347395940976,-1.3791660661397058,-0.04813053342644022,-1.2221600056264421,-0.06061596701042647,0.02424032652347432,0.14413582415367784,-1.877172546323635,0.6367268654364068,0.642016526401319,0.6551828505663835,1.2685558650649864,1.2675894267992496,1.2701721718426155,-0.008992280246695808,-0.09498558567298876,-0.7005212936194267,-0.009355575421237992,-0.31959403291622546,0.7556056532554803,1.1722724150854849,1.1756139848836216,1.1577662860450382,-0.07226367185779317,-0.06526581313586582,-0.09902152629480876,0
37771,0.04963869160301572,-0.06118838244455097,0.04686374519773801,-0.0021309150931581233,-0.09954855053602607,0.015593824391912,1.0473336403852915,1.047488475128019,1.0470471221160331,0.3851780194186841,0.3852724874912416,0.3852398019129514,-1.062327620164028,-1.1820828226606377,-1.1241931152900602,-1.134385501998755,-1.169605023208362,-1.1677788882237123,-0.5766376323082121,-0.5765246439861473,-0.5755605462135275,-0.5731039579849712,-0.5729977499158706,-0.5720527949739532,-0.017314876712810068,-0.21476233157661795,0.15008239820435867,-0.004937832462472864,-2.966653662541605,1.1524731803999326,0.11385905065914932,0.11491949442660165,0.1144147630064332,-0.18868998364728595,-0.1872668592224478,-0.18981989112337908,-0.006436837180290823,0.4325594715123516,-0.3572681609410137,-0.00448877960804078,1.9029744049065185,2.408845372907224,0.7347917842088214,0.7393479171130608,0.6896525487090894,-0.45165889152058003,-0.4446289240390738,-0.4770038774847607,0
34922,-0.020604415828224084,1.3601650341959148,0.18917636307647426,-0.07164901614602168,0.5635639132427929,-0.2671465352587327,1.3355371588420688,1.3335421998777592,1.3321622174110002,1.2208959308298626,1.2204493232654368,1.2214148642867677,0.2686751824168443,0.18063180534376816,0.3326394753654187,0.2964125239182513,0.2692355076965385,-0.4394066756084437,-0.9218414419010138,-0.9217519344694044,-0.9226681377649796,-0.9463322120972996,-0.9462503088264425,-0.9464608815358996,-0.11312800597832742,0.46417210911138296,0.20986147665509555,-0.06918068166796974,0.31990877327998435,-0.15315281670854045,0.4870912765999931,0.4689382033865338,0.4463206999315181,2.8848069094645603,2.8813852082554083,2.882907570478108,-0.011403084843302352,-0.5064257980620759,-0.4911042609517605,-0.01281261525273789,-0.2824343738709392,-0.992198464547508,1.0629022573663345,1.0665474679409963,0.9925496728676048,-2.6015651362765833,-2.5943532191574628,-2.555906809029706,0
28360,-0.07507083612639594,0.002355412211110885,0.14868743306002796,0.05293560048057861,-0.08598179110541737,0.5618998534324179,0.6335381034192816,0.6335867526040195,0.6325635886981908,-0.07204511508753607,-0.07196735035732663,-0.07388478123228741,-0.6450389822302685,-0.4110706662168737,-0.8122399089619541,-0.6248860268528963,-0.19164381400783173,-0.12392092475628926,0.0109592870638838,0.010862079241887566,0.011544291407026357,0.001557041617321671,0.0014494924989865026,0.0013695228343430046,0.02416742423300909,-0.9675531703060248,0.363325722654872,-0.08895842231906156,-1.007853647078603,0.436708984575148,0.2428801471721922,0.2459744108805377,0.2395370349777665,-0.117436557957271,-0.11441874674627575,-0.12519498310217295,-0.014887155915803097,1.621220808259808,-0.39419596364141146,-0.016824044521894205,1.8692440033525524,0.02176825655368468,-0.4135948718423821,-0.4058505107846233,-0.43932764133640856,0.11743393797367045,0.12441574231580835,0.05847112003440781,0
38395,0.02840113852986788,-0.2867246620849718,0.2647440826757637,0.1515533731565126,-0.4689230075908244,-0.04698089455486162,0.946777760063598,0.9472832876833296,0.9454553325345892,0.5703415811442349,0.5707587012791383,0.5709444963504853,-0.7024343206087245,-0.8586627790465186,-0.9073275910333972,-0.7718894303134654,-0.7225897120408656,-0.8495569250426857,-0.9438544384547579,-0.9437664283552936,-0.9434395365384268,-0.954118265850652,-0.954036869611252,-0.9532454576011158,0.04165921110243411,-0.3177786531145526,0.6458001773938535,-0.04357575441765836,-1.4913766407697204,-1.1063988322032399,0.3960555853716684,0.4015472591368944,0.385197824716548,0.3865772393781473,0.39385756936440014,0.3847835785657211,-0.014534139989515372,-0.5185983437098677,0.2023468090746733,-0.011597515115408758,0.03561118859100728,0.6917910569833402,1.1722724150854849,1.1756139848836216,1.1302301838488094,0.02258513305797374,-0.002038627985260969,-0.03602446776308018,0
34113,0.07283830759181535,0.11567076920860582,0.03838516690627057,-0.12315775139010825,0.08987732801384808,0.1946491166306916,1.122661429652729,1.1225463837312244,1.1221510119037723,1.7763866160065154,1.7763213161547349,1.7757911384144658,-0.4671624891018225,-0.3806985048948099,-0.7404343570000017,-0.5167395402096263,-0.4883184043205224,-0.7295484357643521,0.9487629697909961,0.9487295517214028,0.9502613612768884,0.9376416331897623,0.9375950423372768,0.9388974228092568,-0.03641425957629934,0.7233371887476377,1.6004001971945658,0.0385560783253956,-0.3307013630776689,0.06435952308729695,0.6483981079015767,0.6472399341921405,0.6465353237202687,0.4622713598265263,0.4621697604522018,0.4617985575243681,-0.0207153507988338,0.6262581676929851,0.7852754448705878,-0.017669418466121554,-0.1589730731354333,0.41642878953696977,0.7894768630683361,0.7938811755843127,0.799796957494004,-0.2935775499943486,-0.2865609611626669,-0.3195112311555441,0
41076,-0.05912611162208704,-0.5328103867776302,-0.2039661749839204,-0.116428801794919,-0.07472385388519999,-0.7441772480502944,0.6272585024938199,0.6281020680148193,0.6293554269219346,0.6684737563430565,0.6685635315482896,0.6711152181212053,0.7247964270688825,0.4410288646548482,1.6967627150487017,0.7776485939861609,0.6036476299870721,1.5003472789764318,0.6445833810483527,0.644779437274187,0.6439457938226864,0.6317250695902901,0.6316585573082891,0.6293197297593791,0.10687089378043396,-0.10152270264637328,-0.3243854290932874,0.020029139968221643,0.056849364576734986,-0.07060942753867716,-2.084699064453106,-2.081945717771833,-2.0813360009975423,0.12408059022200182,0.12254264649796755,0.15657528916523675,-0.007887634577353819,-0.6022006126429604,-0.3924126421918045,-0.009128543553473863,-0.4733484466663887,-0.3145148665224138,0.5980790870598831,0.6030147709347795,0.6621164465128607,-0.6097402330467412,-0.6026968869154105,-0.697493582345566,0
16408,0.03973382985653984,-0.19980173355243008,-0.07633275982133879,0.026142654954491515,-0.005830153651640137,-0.049951864063345765,-0.2810871424661131,-0.280797923369094,-0.2802736014283877,0.4138625776811232,0.4138828823192831,0.4140770558000921,-1.0613366920997158,-1.2305943300832431,-1.159635716096661,-1.1299943544885072,-1.2792678230373942,-1.2046403146919185,-0.7902637579547719,-0.7904154652638173,-0.7895309793616829,-0.7973925386863903,-0.7975521157745857,-0.7966976469111208,0.016341614292361292,-1.540941784863922,0.13685410289634722,-0.010524216795253848,-0.12586567933544246,-0.6199651726430089,0.08467453172563948,0.08614454944429037,0.09201972130036053,-0.04831547498949552,-0.04873394762338956,-0.049601367146406526,-0.006728075319478189,0.4091947194635697,-0.6904303039533579,-0.0067563003577342596,-0.4485887257161796,-0.4893272617519183,0.6254216264896707,0.6302814001704358,0.6070442421204034,-0.1038799401629552,-0.09687940571106296,-0.13052005556056814,0
1370,-0.02385918117657609,0.06535378974599243,0.1490359260023339,-0.002330610890736154,-0.02268384918544333,-0.010994584274789752,0.6448359007174921,0.6447480857430422,0.6437236044497826,-0.3648622601818739,-0.36485536176468497,-0.3648296573048952,-0.7556108563371401,-0.7678910925681884,-0.9161210374348292,-0.7747326193488777,-0.8756270591209753,-0.9918822061285468,-1.1004468912120726,-1.1003695325890028,-1.0998506718806458,-1.0960253745811133,-1.095953219398919,-1.0957215549706618,-0.011213050268081035,0.48555091695890396,0.2587924375003005,-0.004468781602253663,-0.21779897986454308,-0.15611056811562873,0.3996082602759014,0.39982751308291387,0.3892649849690974,-0.16540415372985065,-0.16532636447111146,-0.16933524399704594,-0.010340114665258221,0.23812552089661634,-0.23223267979133536,-0.012931727042515549,-0.4490866506915,-0.7612322706413017,0.6801067053492461,0.657548029406092,0.6070442421204034,0.8129918406888498,0.8199147789717598,0.8144358224143816,0
8943,-0.2234150641585258,0.0926066452199654,0.27296341621746695,-0.0040368117852428356,-1.4437335357930123,0.17482496889848498,-0.8458700622080377,-0.8460714558704315,-0.8477151590897302,-0.3987662949608659,-0.3975422113763223,-0.398149697659625,0.3745376954259968,0.16803920143925966,-0.14835748660306575,0.4006627885500302,0.35988480736071515,1.1719548661956338,-0.6051544687528344,-0.6052935848597517,-0.6058417420157811,-0.5901830436374866,-0.5905803065267318,-0.5919039619795866,-0.008325446765671903,0.2428853977334987,0.03265152512447606,0.037716694121767334,-2.44471922912191,-0.2827582228537868,0.9967269805516288,0.9926650464524804,1.031991776298637,-1.9522122694751565,-1.93408258532238,-1.9435468001729057,-0.012707282570976428,-0.555834896100898,-0.7836559699775268,-0.013742326739391695,0.2593401234696726,-0.4044188192179849,-0.2495396352636561,-0.2422507353706857,-0.3567193347477225,1.4769334750987968,1.4521866304771764,1.6963946418577427,0
27111,-0.022270844530572258,-0.0681420007203738,-0.08295412572515146,0.006355677033993937,-0.8612991279979608,-0.06788378716812499,0.3751421229798704,0.3752581084526865,0.37574612548097,-0.3544834740250396,-0.3537692098255333,-0.3535474765978762,-1.0574024133493296,-1.0099089466567366,-0.9367150155355922,-1.1234655500368202,0.0812334307459606,-0.2587603419235371,-0.40828823820969307,-0.408163798699747,-0.4073872934935732,-0.4111038073103738,-0.4107358703356356,-0.40997681119378176,0.029082016554964413,0.5578536598954752,0.04726215440585065,0.0017263987922887145,-6.031970397771031,0.8509688519261935,-0.29525390926033085,-0.2944878713972791,-0.2981620786629099,-0.17772480570180385,-0.1793289967927996,-0.17408662851843582,-0.003776960235692385,2.9995777892634568,0.010444022838919235,-0.006816655660608173,3.769309647079433,0.4905999312661636,0.5707365476300954,0.5757481416991233,0.551972037727946,0.0858176696684382,0.09280214974054103,0.05847112003440781,0
38295,0.046261767966525036,-0.3443264702201855,0.5709673810283427,0.06511225143369652,-0.1051607373473599,-0.2413671852528235,0.8686803651478128,0.8692636494019557,0.8654706496171608,0.5616775509611386,0.5617935092089423,0.5626408113501192,-0.7193095312088859,-0.3380185723756017,-0.5428324034092735,-0.8159062087135501,-0.8379961733780315,-0.7946449452008201,-0.9355995647471038,-0.9357611578513336,-0.9354312864089048,-0.9435694188299806,-0.9434873356447352,-0.9431942338007951,-0.03658562767718944,-1.1314316835540197,4.619449635873338,-0.032497708918515354,-0.17476297048242212,-2.164447062909729,0.7637510251892001,0.769329070098981,0.7410935920524118,0.2396600396731817,0.2417523304860773,0.2467097626978705,-0.01286663003770352,1.760592371180163,4.2385396958249455,-0.009766071421579118,-0.5279129929135216,0.9846680704232578,1.1449298756556971,1.1483473556479653,1.1577662860450382,-0.7678215745729023,-0.7607648497917471,-0.7604906408772246,0
9287,-0.0799766906660285,-0.9383631171796192,1.1472132108729896,-0.1696165793050416,0.96834089969197,-1.1636940585563351,-0.42033797853417776,-0.41892422006351376,-0.42626689839693865,-0.3438941038012551,-0.3447288064124665,-0.34079109094514004,0.7354906012282874,0.7162672071390992,1.3407876024352918,0.7616424927497668,0.5724155183380699,0.8497107178244812,0.5732912899367958,0.5734824968482969,0.5733730895562771,0.5804878126327429,0.580417963756636,0.5790636107577756,-0.1377570702401811,-0.4879873479053866,-0.2366964784485713,0.03997121960683552,0.15741999873920925,-1.8904474935837952,0.8227100379500637,0.8307650727885686,0.7295464493795585,-1.5936185811288996,-1.6025958302883458,-1.5371970493137466,-0.009558086328551402,-0.2582365787466962,-0.5759932616627259,-0.010160978966211086,-0.4754927364794623,0.0703526389183926,-0.4409374112721698,-0.4331171400202795,-0.5770081523175519,1.3820846701831002,1.3573458527513744,1.1924181736044035,0
34853,0.12520460937472666,0.032011343118224816,1.37203365779962,-0.011237043462716256,0.4081997866904443,-0.3666253818515921,1.2757575517787219,1.275761047730534,1.2667650735103946,1.1634215222715094,1.1631081954607605,1.164402244447298,0.2652412732830909,0.06744828215443835,0.5411762845848705,0.3147352977020184,0.2198735361147013,0.96831120761969,-0.9295960202324466,-0.929757204973364,-0.9309266457110491,-0.9403042995140584,-0.940222003702718,-0.9421891114207632,-0.10529913589302088,-0.19796744829460147,1.1667043562139134,-0.1080228861145889,0.42003791169932997,0.4920911329692891,0.04371360088936156,0.04475257203161905,0.014854015865239574,2.863159786952261,2.8637680135773635,2.8908096598740225,-0.010997606827969098,-0.5551045433620305,-0.2939674987541519,-0.01286217854781316,-0.4385499157298801,-0.39767183445699256,-0.22219709583386846,-0.2422507353706857,-0.21903882376657915,-2.0640885750875646,-2.056922145377848,-1.862939165181391,0
25900,-0.16610107280579742,0.21178298619521835,-3.3730802439493663,-0.1591205681843404,-1.1217349799321583,-0.934460771331778,0.6144799259380769,0.6141983925811966,0.6358814312189343,0.3613669781342368,0.3623330279156563,0.3655335929446914,1.0418934076486606,1.2989749616250923,2.8485219460424798,1.1119865638911095,1.133679417435257,3.0130080570134643,1.5808861776468013,1.5811459215342103,1.5784084808112395,1.592423637544297,1.5921685070216305,1.5909705668550629,0.13641659046068216,-0.4984263693948969,-0.9283784074215404,0.09433661091647552,-0.009072107231394956,0.7847454966029217,1.2218280536353603,1.2236115407911323,1.2700681978958213,-1.2547500745111402,-1.2524793981235054,-1.310467868954036,-0.0021369070781473588,-0.1296814255160572,-0.5332660396140129,-0.006166736968734101,-0.4626510907449879,1.3524777362877405,-1.2065285153063459,-1.1965827586187758,-1.1001940940459578,0.2122827428893672,0.187642927466343,0.5309490590219177,0
42807,0.01873445755524226,0.013312356152331064,-0.019246640931876068,0.06850228729338115,0.009586136654469522,0.015329885582899343,0.2750524139059184,0.27505292100799744,0.2751414625999126,-0.08890688216262485,-0.08891998704039851,-0.08897281756447425,-1.08120430923072,-1.2564241592826093,-1.1184021979966818,-1.137765737851967,-1.1996487910970604,-1.0872460111205866,-1.3405886717983693,-1.34052764770779,-1.340098175766294,-1.3409093232752718,-1.3408531150502023,-1.3402175739134627,0.0036522144407373533,0.009630405998452676,-0.4712469706010893,-0.04715925734001429,0.4986293942817786,0.4348341893919148,0.08836443992039703,0.08884609082013288,0.09112545925114066,-0.2364451543858664,-0.23647350642664455,-0.2349935021700256,-0.007706223615233739,-0.4156708922893783,0.3136376663688443,-0.008569757371899484,1.9169484284074476,0.19591052237126208,0.7894768630683361,0.7938811755843127,0.7722608552977143,0.054201401363205975,0.06118855716527369,0.05847112003440781,0
25977,0.2344275061803494,-0.14024506405362758,-2.2351232899025884,-0.2931404118549074,-0.060501721049805376,-3.62150816399024,0.7669179239496111,0.7671662457739923,0.7815100397120648,0.3730995190071799,0.3731634612890474,0.3854955313423105,1.0522932467394572,0.8748740515554051,1.3282580803607127,1.097981225309264,1.088583295249381,1.5175718059866583,1.5863894267852363,1.586399380302434,1.5849151840414766,1.5929259635929005,1.5929220451620965,1.5922269698301033,0.05317045526043862,0.25957756001684845,-1.3034165998305085,0.10169762806590092,0.3087862247364773,-0.8672984005428319,1.5123522122298956,1.5134785883672812,1.599508178352326,-1.326064193068012,-1.3292255680428078,-1.2626500972249102,-0.002265855951221896,-0.4104424163064341,0.1163994143326402,-0.006602414320605403,-0.3954312190767264,-0.4959371745877438,-0.6049926478509565,-0.5967169154342776,-0.7146886632987565,1.6666310849302606,1.673481778504118,1.6963946418577427,0
51747,0.13402482823861978,0.2531842857924033,-1.015482990110445,0.16871922391632002,-0.6701632724781869,0.07279515592706119,-0.7323436524638837,-0.7327852956804998,-0.7261340538254595,-0.2143096940315052,-0.2137407316687309,-0.2140094656134643,0.6124585425503659,0.6849356093290727,0.4732890558898772,0.7346848485621551,0.5666261513006943,0.18311682919711628,0.25210165840262383,0.2520208531736702,0.25229231092576954,0.2542270440648333,0.25438712831523524,0.25415780141240885,-0.04530601990641235,-0.2584829566341609,-0.4914441515860721,0.12554389990113252,-0.3661258286390861,-0.2652329635322598,0.19198839980758348,0.1934066509021482,0.2151982242550968,-0.7021718682123826,-0.6987628695329045,-0.7006190543823873,-0.010341095265053463,-0.3698727104762769,-0.6021196458268865,-0.006444131539558583,-0.4088189760744555,0.04784238276320808,-1.644009146182949,-1.6873820848606491,-1.6784522401668212,0.11743393797367045,0.12441574231580835,0.08996964930023713,0
8741,-0.01875391299306421,0.4347919865037067,-0.901967789025184,0.036118658218299536,0.9881964174003086,0.1716019975120491,-1.0526581433386328,-1.053392533342202,-1.0474437948012651,-0.3689235243302004,-0.3697741835884335,-0.3703804902127486,0.3175348038056842,0.32529683829436845,0.04090663957076075,0.44836518236639,0.3795381849349648,0.2957567878470969,-0.611408160955603,-0.6112975377377219,-0.6115976717963747,-0.597717934366538,-0.5978645085512317,-0.5986885380448029,0.0007843488713771676,0.17030017205059397,-1.0151061324556394,-0.12242537238214682,0.13112676560985864,-1.0042748958246408,0.11709365214235352,0.11538921611000227,0.12118395464443033,-1.8824154725897075,-1.8920645635327875,-1.84233927060215,-0.013943328612881063,-0.5232059381698372,-0.37096928915140864,-0.012314983782022507,-0.4590371191499201,-0.526686976466849,-1.370583751885072,-1.3601825340327134,-1.3480190138120771,-0.04064740355249073,-0.033652220560528294,-0.03602446776308018,0
6043,0.025853385191633462,-0.02661539918992981,-0.8522012968983249,0.03577502168982728,-0.4471773293888982,-0.6847578578806116,-0.6560012551866558,-0.6559997114316959,-0.6504269199430396,-0.19504125190555632,-0.19468217738527735,-0.19234767865598768,-1.0348465359250438,-0.9598683373314412,1.0554789943225087,-1.1140303745711562,-0.8565221478976346,-0.5571623657137775,0.5612842009074811,0.5614745910923578,0.563362776894375,0.5551203471782712,0.5553000257411198,0.5564483572070542,-0.00340498916645398,1.465701846112368,-5.958037187621804,-0.016884363860951178,-0.0017346313912919712,0.20474674823972056,-0.42195743048386136,-0.42222393464554825,-0.344183857293493,0.025899762603136773,0.03012426069237328,0.04560462683699006,-0.0010121591130028698,1.7775849181247312,6.513651906169046,-0.0023235830804381697,0.7858556296311093,1.0675204340796876,0.5707365476300954,0.5757481416991233,0.6621164465128607,-0.4832751598258122,-0.4762425166143411,-0.5400009360164193,0
19961,0.1274776460147497,-0.8506643642937564,-2.402612397905963,-0.15450360134433636,-0.590688206490806,-1.0871650671994,0.372509626522035,0.3738320904594944,0.38929169742516256,1.07490100555706,1.0754418542105892,1.0791841728402805,0.763746767814604,0.761690528366075,1.0509683663756602,0.7900743831038884,0.632899168702235,1.3353766728703145,0.6818553865768512,0.6818038133550004,0.6804834350386285,0.6709065013813555,0.6705913612323395,0.6685195025806301,0.05573587653269218,-0.24235575984347846,-2.2178396777398466,0.07783423758613578,-0.1565660094377445,-0.5183768920310475,0.6977251392433822,0.7055701268439423,0.7124438480652103,0.7983985719579157,0.8009767636196992,0.8042730857665491,-0.00778271039926275,-0.36034708079485056,1.187755147643671,-0.00959979456068145,-0.5056766272414688,-0.28738985555327745,0.2699686139023703,0.24854859087118755,0.35921932235428417,-0.4832751598258122,-0.5078561091896084,-0.5085024067505901,0
50889,-0.02496502047445233,1.3900639727310993,0.8331870705439022,-0.07673087480278737,0.450472254551703,0.8703147833607707,-0.8704400291478349,-0.8726173292821607,-0.8778773638237621,-0.0020409545456421896,-0.002426942739011289,-0.005394422886876967,0.3375495884709918,0.4836038588081858,0.21130813978503848,0.34801113974610115,0.14110767405355942,-0.0013780364083312074,-0.7019616240516859,-0.7021073250170135,-0.7024412592031355,-0.7034575675975543,-0.7033598482164001,-0.7037238267581545,0.010720128554234315,0.7412363227653221,-0.15539281221723794,-0.11843102199098575,-0.09103467837829024,0.6760888888094541,-1.0309397763423165,-1.0422437228086276,-1.019871325874766,0.855631945403984,0.8549522031764015,0.8104124013741446,-0.01282838664568902,-0.2665776318382368,-0.5989589622820546,-0.011754998488470492,-0.5902945597207861,-0.6952549839943063,-0.2768821746934438,-0.29678399384193765,-0.2741110281590365,0.4652128893312952,0.4721652606438192,0.373456412692771,0
5102,0.217065968653793,-1.3525741193669327,3.562949287281973,0.2861531334232463,0.2900029281615343,0.28671822379465306,0.3212856329466535,0.3233455688159059,0.30034061364589026,-0.1138911775343665,-0.1141458714392553,-0.11511739098953977,1.122344993068035,1.0213380279209352,4.540827540282834,1.0478568556479242,1.119205999841817,0.3822079561109569,1.4973368498178177,1.497090581242634,1.4943218544512633,1.5178282193266928,1.5178194104957026,1.5188530360877612,-0.016859935206875645,-0.6356616236136986,1.616649487278801,-0.10511842275873036,0.3610844741895752,0.16254638958110665,-0.5073242325148178,-0.4934008869991001,-0.5159796799484991,1.413409507296817,1.412576914034661,1.3978213082381632,-1.3418221547201152e-05,-0.4307844556775762,0.8328306835267734,-0.0056003564113014095,-0.31186013370278026,-0.6316993013585925,-0.8510755027190455,-0.8421165785551842,-0.5494720501213233,0.7181430357731531,0.7250740012459578,0.7829372931485523,0
20315,-0.033272062968082584,-1.333277513641636,-0.3714127838479892,0.015948583879728275,-0.915407180258318,-0.4330389294058311,0.1244187728415256,0.1264563614327943,0.12883831752818473,1.048758497817092,1.0495691522630437,1.0510840214259982,0.7064495411256837,0.8185071578876064,-0.02789182709329284,0.7911274160799667,0.7352795542053044,0.359961564277586,0.6355780642763669,0.6355233432539841,0.6354370280600694,0.6596041652877791,0.6595394685055125,0.6592221205653334,-0.015629247029947647,-0.5835820772896473,-0.5071899425409369,0.05962570601728581,-0.36059730627706016,0.0445856740149481,-1.4934416164923048,-1.4817030092295291,-1.4896090898064378,0.7875648952239571,0.7970280820539304,0.7827044340692378,-0.008630929222148519,-0.4457673071662005,-0.30932146147881673,-0.010158980446248377,-0.4062490407179628,-0.7164706719673591,-1.315898673025497,-1.3329159047970571,-1.3755551160083055,-0.07226367185779317,-0.06526581313586582,-0.0675229970289095,0
16985,-0.0015457705771842179,-0.4245549886135128,-0.0014250518554652547,0.07381739064171798,0.4551004980032908,0.0837063951338154,0.38397195484886015,0.38463691910021897,0.3846028455983265,0.8796895754941684,0.8793207565407655,0.8790834158205901,-0.7179359675553845,-0.7352252783920893,-0.8721993673261222,-0.7808402106101335,-0.3703067278165373,-0.7351804336968512,-1.1409708166860102,-1.1408962145152983,-1.140392438161349,-1.1480161206115649,-1.1481985304711926,-1.1477366381373213,0.08383310474113119,-1.0332689292030894,0.5576535002678914,0.011743145392500228,-0.06920487550662263,0.4064677231412571,0.4754456852171644,0.4826705039668261,0.4791530755979976,0.5223775289704884,0.5149200962410629,0.5118451236984954,-0.013794277444004023,-0.08316432825530105,0.4993640709986423,-0.011911682453547144,2.9063735406571274,0.7120472414802251,0.6254216264896707,0.6030147709347795,0.5795081399241747,-0.9259029160990636,-0.950446405243351,-0.9494818164722006,0
12896,0.07897550651987759,-0.04062129683857207,-0.24183290810521105,-0.06736594067956812,0.6657562352559067,0.34508097451116954,0.07366917706531655,0.07373483081910663,0.07528669403221715,0.15978538004609946,0.1592247964931379,0.15805729832413254,-0.5029732557823977,-0.4398537608557496,-0.7453550420329272,-0.4655621375722073,0.10180091890505956,0.17110190027445155,0.9355051423211272,0.9357209871524684,0.9367474391833204,0.9376416331897623,0.9375950423372768,0.9383948616192408,0.01835569950192973,-0.20571004356910905,-0.2817024347170912,0.009797896752004782,1.4228882867958224,2.9426813312665616,-0.1571613074773818,-0.1555734587981366,-0.15134657465684295,0.09000154548184561,0.08940308333663903,0.07848137107753217,-0.01797065197194679,-0.14839773563625253,-0.2624621531444289,-0.01844204628370616,0.9808494748049912,4.48670345629817,-0.2768821746934438,-0.269517364606342,-0.3016471303552652,-0.13549620846818744,-0.1284929982863303,-0.1620185848263975,0
46180,0.104782142139673,-0.684501148388707,1.1953647357062358,0.233992591095865,-0.23184035353066876,-1.8319853545421407,0.30897322763865226,0.31004520868709523,0.3022874468605414,-0.16811657477405872,-0.16793702386043105,-0.16170527585572386,0.4615627640442717,0.14780108802130024,0.10246076438078444,0.5379782886306768,0.3181404239859513,0.35080956763727505,-0.2897182340452092,-0.2895857293598459,-0.2905168931658672,-0.28326182794080795,-0.2833879245969683,-0.2848390748797888,-0.047265022512123264,-0.26423533255949994,0.14132837925052755,0.10354644167552404,0.2594618486866492,-0.9160663646880514,-0.3607539480181576,-0.3565527364498893,-0.3104533705302359,-1.0187559772158463,-1.0188996962714847,-0.974152918087132,-0.01131385026193518,-0.5541356414064411,-0.5253643307519332,-0.01109708571674557,-0.4622334762495579,-0.6699880591218766,-1.644009146182949,-1.6328488263892758,-1.7059883423630495,-0.16711247677341967,-0.19172018343686492,-0.2565141726238855,0
30973,0.08305860546588217,0.1575472837229062,-1.3425138670670462,-0.16496766113742511,-0.5699494362153702,-1.1405717809828648,0.08781610334237185,0.08758091706454274,0.09623297421069624,-0.13324986997472266,-0.1327681999340583,-0.12889669435971246,0.7120419074292256,0.492298751980346,0.37241501271490135,0.8235608317431871,1.4185772163798112,0.4921727157430009,0.6638447530328786,0.6637919547210911,0.6629653878803002,0.6633716106523042,0.6633071592078394,0.6629913294904537,-0.013723847958175871,0.027209820907786626,-0.3555222729800513,-0.0863050324163617,-2.1671140422704203,-0.7931333662446223,-1.3264530704521826,-1.3278242391756008,-1.2927944580269164,0.028968798570534637,0.03529500857862499,0.022691606853989292,-0.00948110924462477,-0.5892922406955065,-0.8297323566998921,-0.00789985348039829,2.1440664655374877,-0.3786797577144249,0.297311153332158,0.30308184934250004,0.19400270917691206,-0.4200426232153477,-0.4130153314638064,-0.3195112311555441,0
29174,0.09634401655146473,1.4942872443257516,0.9967662577311612,-0.2064884113698489,0.5097385018039063,-0.4557014140791788,0.3429214632094886,0.3406771721177788,0.3342045435063715,0.02575614229179227,0.025326042780303388,0.026872613935197544,0.3830734124156137,0.2235066233995933,-0.17874727287122702,0.3690717992676732,0.04893485674796818,0.181521096449575,-0.6877032058293744,-0.6878479369318353,-0.6886770792930201,-0.6758296349243669,-0.6757301163993319,-0.6768368030922962,-0.047072233398621904,0.008104999168251175,0.6864119594424113,-0.03155218911877908,-0.05889719447713927,0.7986376124637733,-0.6059013419514061,-0.6200845683337394,-0.6645400855140196,1.3370376498352028,1.3352232546437013,1.3461538006494889,-0.00969684119957838,-0.5231405822200504,-0.6741339355845921,-0.012007211707764795,-0.61349746201832,-0.386371015737678,0.1879409956130073,0.19401533239987506,0.11139440258822607,1.8247124264564216,1.831549741380455,1.727893171123572,0
20433,-0.0916612145965519,0.04313389225783374,0.4792542384068552,-0.12547422264201338,-0.9433886215839486,1.0866385006972716,0.2817707642410193,0.2817168127838758,0.2785964060512653,1.0944101151880952,1.0952525219227505,1.091609614525611,0.6989930527209612,0.5209319346679779,0.14620018689567915,0.7980774337220852,0.9391262146265956,0.8099581990842588,0.648085448681903,0.6480315784164207,0.6479499188874472,0.6676413820654332,0.6675772086704773,0.6670118190105822,0.017450916731158797,-0.14421868574221527,0.20793902543386206,0.05657858729031435,-0.2488346895224562,0.053094449421087486,-0.6723376452146805,-0.6742180672567976,-0.6793974090864241,0.9287466190109444,0.936831659131204,0.9534807429755668,-0.008086696335788285,-0.535529619451511,-0.2904443515000503,-0.009499069154560748,-0.4296997008459584,-0.7803461890951289,-2.0814897770596117,-2.0418482649241807,-2.0364215687178557,0.14905020627890267,0.12441574231580835,0.15296670783189578,0
26210,-0.18902666934688875,-0.4145646750150617,0.7444913668131125,-0.08492958546815094,1.200459674325041,1.5294544321999066,0.7843307911446686,0.7849914706888933,0.7801116102198505,0.4901541767933892,0.4891543942643513,0.4839664045531729,1.0195239424344928,0.8137099754477937,0.2091211686592937,1.0926107571312635,1.6490854355258606,0.9450792161481312,1.6106537525319766,1.6106653565175617,1.6106917391458742,1.5929259635929005,1.5926708657819406,1.5922269698301033,0.013592584340582628,-0.015795352394042332,1.5011879823844798,0.17847474879886124,1.4207921645732533,0.8909334299936225,1.4105174153359965,1.4061869688801385,1.378444546959812,-0.9257542742354378,-0.9421231518785991,-0.94671848464593,-0.0031738913616175327,-0.4881261321217714,0.3461144147194101,-0.005902532629663522,-0.13295247765094498,-0.4092467970266408,-0.33156725355301914,-0.3240506230776545,-0.4117915391401799,0.5284454259417597,0.5353924457943539,0.6254446468194056,0
46297,-0.17596019491927162,-0.20121837802125556,0.6700328747496992,0.24031895396313696,-0.3735140652930149,-0.20327069082632385,0.13967354137792,0.13998707831435134,0.1356494917608516,-0.18935548209789926,-0.1890413266699695,-0.1883613081395076,0.4672532420373488,0.08573754020622372,0.13708780720507646,0.5428222403206382,0.24592568778289314,0.21310721818767386,-0.27771114501589395,-0.2778279883071549,-0.2777537445219424,-0.2727129809201361,-0.2725872112502958,-0.2732801675094202,0.08661783638059528,-0.05419528652314341,0.8592952514090523,0.016116388449337146,-0.11977382412610113,-0.03592222324169065,0.156602731718129,0.16035929202901514,0.13357275571654936,-0.5411334614853754,-0.5391652605041484,-0.5726457297039305,-0.010396989453382351,-0.6033422993907986,-0.29769362568544444,-0.012123925273587202,-0.4961485919072721,-0.7943732161038738,-1.1245008970169224,-1.1147828709117469,-1.0726579918497292,-1.0523679893200626,-1.0452871829692232,-0.9809803457380301,0
15255,0.04561796868701618,0.08451179112046367,1.7525284520026676,0.19154525236267908,-0.6741379090301229,1.3834259755552176,-0.1751319022220464,-0.17526984953058602,-0.18655688930113828,0.4480975302796085,0.4486906917998762,0.44399739903510665,0.9983318174947552,1.4208533779865822,1.692115401406494,0.9389732459213987,0.8036854963048262,0.8444541864208153,1.2221743928960194,1.2216592429657744,1.220039287515148,1.218190731334762,1.2184135893507484,1.217818883268157,-0.22756721573344715,0.2029269292521261,0.4887999943264512,-0.14668819790102808,-0.2319609056307753,0.6711398953133418,-0.2794656680794253,-0.26744678978730185,-0.22492753379996924,1.819343631791465,1.825771003006528,1.7848210709611725,-0.00408928127047749,-0.1898415772948082,-0.2309423089863351,-0.007210364093262515,-0.4802551479369628,-0.3584235732175403,-1.0151307392977715,-1.032982983204778,-0.9349774808685858,2.1408751095088143,2.1476856671331985,2.0743769930476947,0
11708,0.03671320122712026,-0.04065513790085151,0.0755209148315049,-0.04507829210347942,0.05228963176847147,0.16204361049219387,0.2146914638747996,0.21476526800350795,0.2142521972977387,0.2307251355140152,0.23068911026208755,0.2301474244604625,-0.7458977990730938,-0.7955948211581064,-0.9086488860885348,-0.8471812881030838,-0.8829551789761801,-0.9243216975966104,-1.3003148940125424,-1.3002511304847435,-1.2998066673021385,-1.3027325435814134,-1.302673849266618,-1.3025254846622605,0.004358597832799217,-0.617492846974514,0.3457375826129917,-0.013732250780840642,0.15055519846029555,1.047636031116406,0.09707683003752876,0.09802876471284228,0.08227393288447234,0.12991722091807484,0.12959964919371347,0.12340677547007625,-0.014024228095988668,-0.092681788443004,0.44354465977110735,-0.008276774345365844,-0.4529977710621623,0.29580549539010864,0.6254216264896707,0.6030147709347795,0.6070442421204034,-0.3884263549101155,-0.3814017388885391,-0.4455053482189314,0
8923,-0.10039218539605144,0.8656535113551053,-0.4836062617008458,-0.21136098883075288,-0.17643568650181307,-0.6968716323646095,-0.8288411007464147,-0.8302207174076427,-0.8269854983816137,-0.4011880117307939,-0.4010470599541003,-0.39869124233356185,0.3713000096713151,0.19337432119952025,0.2991970419009054,0.3921332214437936,0.029281479173718573,-0.16418970997365734,-0.5976500381095129,-0.5977886437622899,-0.5988345231524493,-0.5899318806131851,-0.5900779477664214,-0.5906475590045461,-0.06366076756960537,0.25012722813950583,-0.4682946347970521,0.0500632311808462,-0.06749129558967241,-0.7446332299827221,1.0125023961913642,1.0102731926171171,1.0188665241271606,-2.140865930622059,-2.1396165232329136,-2.1360335931503185,-0.011811014358123716,-0.5521431018873161,-0.7376520759970155,-0.012787034197215174,-0.6033719167137388,-0.5309057457192077,-0.1675120169742931,-0.18771747689937315,-0.13643051717789312,1.9511774996773508,1.9263905191062567,1.9168843467185483,0
12981,0.15546109770514385,0.5872927735416851,-0.4865387023129322,0.0997906248579068,0.9230653731025816,-1.9600642037397382,0.04843834382724988,0.047545461905675296,0.05067981900647149,0.5039173497404955,0.5031437040383148,0.5098402056412701,0.29869735941480674,0.09113437045101308,0.21490752976282668,0.2766155039679738,0.27045432180967033,0.10736645700500433,-0.9968857483342316,-0.9968013454440254,-0.9984962561788874,-0.992797371593114,-0.9927184941551472,-0.9942041945874228,-0.1464427808299382,0.2341797930964901,-0.16744246183604078,-0.13153249127399408,0.22043467305519154,-0.5955346118080829,-0.9458423106759408,-0.9521367299355143,-1.0124426640885635,1.2932376309201308,1.2812579399115265,1.3101891630142355,-0.010895134149366131,-0.4965570496442688,-0.602424115342673,-0.013090409527554915,-0.37100880214205695,-0.8940245057002012,-1.1791859758765584,-1.1693161293831196,-1.3480190138120771,1.065921987130778,1.0728235195739686,1.1294211150727451,0
21940,0.05760129234812712,0.003226639559155989,-0.008278633056443727,0.00018236102598576952,-0.022610327241758186,0.003124373573155937,0.6571483060254935,0.6571708963375807,0.6571594956494877,0.2655376901247069,0.2655661141781217,0.2655674547174587,-1.0514764673013657,-1.126690356675926,-1.1576127678053472,-1.1130089325843602,-1.261457901809256,-1.1860734948411134,0.3384026108008243,0.33857784049773315,0.3398825467174126,0.3335945597441705,0.3337598124442662,0.3350701530049905,-0.01843743977846217,2.649818158243532,-0.452686161786561,0.013334038091151234,-0.0856764659468481,0.12755292992189016,0.1769825166380794,0.17661987598717424,0.17719529470288406,-0.007537960843898081,-0.007657534514865581,-0.009454700661622751,-0.0007174888745321536,2.0564914338399083,-0.0021262185985542847,-0.0033512220452648826,-0.4496648861467109,0.16808492156238372,0.5980790870598831,0.6030147709347795,0.5795081399241747,-0.7678215745729023,-0.7607648497917471,-0.7919891701430539,0
12477,-0.0036779626155862078,0.6858458671480272,0.32706057063956673,-0.06175848268357705,0.1711701277843145,0.4421326451216512,0.2360585601242308,0.23504214692978145,0.2328869557861461,0.40152836804546505,0.4013977994027351,0.3999066368320762,-0.6779063982247688,-0.2856093542206485,-0.7428946995164645,-0.6780641921448644,-0.5840562529070241,-0.8371195962750837,-0.3004745846339703,-0.30059297630279025,-0.2997764323781261,-0.2960711421801945,-0.2959468936047261,-0.2951415792751175,0.007674264570556737,0.19908773192695564,0.12871801469219832,0.033034174220357634,-0.1520069436036568,1.4373721801078927,0.12898934157800745,0.12324871225520875,0.12162531209770383,-0.04555900728641076,-0.04639612563996382,-0.06843974564859069,-0.013015190906682936,1.727260836788894,0.9414248108239778,-0.015501823714563687,0.3528215220620938,-0.08584843491622993,0.023885759034281303,0.03041555698593747,0.028786095999540063,0.4652128893312952,0.4721652606438192,0.467952000490259,0
38534,-0.023308353279147192,-0.24694341334158984,-0.3965595245751133,0.1883181682738181,-0.1643262938069143,-0.019756291673471087,0.9119794475115856,0.9124281171189618,0.9148544048226076,0.5816228704451418,0.5817846841439934,0.5818806901824891,-0.7531580640987446,-0.8978647542968624,-0.7385207572649749,-0.7534613532320905,-0.824086457311915,-0.9274662297755891,-0.9255936572226748,-0.9255044050181356,-0.9251707159304554,-0.9320159197121024,-0.931933084157598,-0.9313840458354185,0.08547028213356336,-0.2986597072377005,-1.9089887345190604,-0.06185960802245595,-0.3720735754456257,-0.2179322304000054,0.8119622344491708,0.8149023405294648,0.8319182842536658,0.2379404084455692,0.2378238985693637,0.2400740337820703,-0.01142269683920723,-0.4916471839165353,1.4226316312504417,-0.012862578251805704,-0.31788341969455997,-0.4662382574682513,-0.4135948718423821,-0.4058505107846233,-0.4943998457288658,-0.1987287450786519,-0.16010659086159762,-0.22501564335805613,0
28845,0.12082308721340618,0.5590138858603035,-0.21286124484058264,-0.04314204165016285,0.6454944213667031,-0.9719957878898589,0.364447606119914,0.3636305771235819,0.3649425721489622,-0.4124993844698365,-0.4130507902762753,-0.40976282233404987,-0.39622773756742297,-0.14870976034449512,0.02518778460447031,-0.4828318783798961,-0.1574256077816569,0.16964696747522276,1.328987455719299,1.3289799006594836,1.3299024689795222,1.3244326906143815,1.3244112877762275,1.324864416741572,-0.024285886245446562,0.8082746145202212,-2.2959964744126142,0.019460800969707863,1.4439805166604234,-2.336439142762855,0.05631597764351089,0.05038538205469404,0.05827512136272558,-0.2618451191654841,-0.2667771062377889,-0.24663388770323855,-0.02041871936077259,0.2619804425687991,1.6519986664763122,-0.016242475212744897,0.4631681214314978,1.7294255304966824,0.4066813110513087,0.4121483662851251,0.4418276289429702,-0.7994378428781346,-0.8239920349422817,-0.8549862286747126,0
34061,-0.0215791720315223,0.011526700100139444,0.3434184893582926,0.03788173247595645,0.10698416373338122,0.8941444346267371,1.2820919963803885,1.2821507052769523,1.279789661918272,1.8221134419728575,1.822049812620164,1.8191147123294196,-0.4787396684670495,-0.5494094148249711,-0.18380464359951154,-0.5580184328719064,-0.5425861027077151,-0.3853864287725569,0.9467617882861098,0.9469783987986612,0.947508525294865,0.9451765239188132,0.9453816031220872,0.9461845600644896,0.017574342565728446,-0.32527728601722666,1.1723115056091775,-0.005548397450836054,0.20214600666327653,2.239342020289664,0.6324174836031133,0.633648806795384,0.6279444240169749,0.3483811951695306,0.348761600918414,0.3285065188294301,-0.019661206018946862,-0.2762829903815769,0.4729767129638078,-0.016342800914873064,-0.3875045747115443,2.215269354143764,0.4066813110513087,0.4121483662851251,0.3867554245505128,-1.2736818674566883,-1.2349687384208272,-1.2959656383963931,0
9123,-0.11368177998465245,-0.3107014147212545,-0.6230034386232176,0.13040159427704773,-0.359452684424832,1.563098893449258,-1.1199239122039493,-1.1195378294879574,-1.1153635958250807,-0.3064703067603802,-0.306175472056909,-0.3115025498297185,0.3861148747912239,0.270429064139011,-0.12648777534561825,0.37612712020739936,0.09646860716010797,0.4130431447913892,-0.607655945633942,-0.6075450671889907,-0.6078438045481613,-0.6042481729983821,-0.6043951724352659,-0.6047192723249952,-0.04001502979143057,-0.1824437373710862,-0.2460455418280223,-0.14667107925649456,-0.2607039816077535,0.7777470375648898,-1.1818963959192932,-1.1781293289246406,-1.1755781297389298,-0.32486454591857805,-0.31823146448711565,-0.3688123468246912,-0.013714358560691664,-0.5241045824794057,-0.8292249075069144,-0.012461675147285595,-0.5727904890762751,-0.7609885872187827,0.023885759034281303,0.03041555698593747,0.05632219819576874,-0.2303450133838841,-0.2549473685873996,-0.2880127018897148,0
39747,-0.05913587312913009,-0.6225252029482256,-0.6912570563480132,-0.08073916885177357,-0.5974362561034265,-0.3188953419504094,0.7598430897191785,0.7608314350734661,0.7652224491556875,0.1834256978191264,0.1839410488327023,0.18503404539814775,0.3971033840192359,0.2935155046306095,-0.3493310206793169,0.4457325999261937,0.16700747395760998,-0.09205320312156573,-0.5438682851657066,-0.5440032325638112,-0.5440280613285358,-0.5494946337006111,-0.5493868881812851,-0.5491862608282233,0.04504577119145271,0.11982564133071102,-0.471075323170622,0.10301576369498408,-0.1386101024486623,0.4126044750764364,1.4933704112975317,1.4958961100541968,1.5429271792553447,0.18822283501194856,0.19172557249514385,0.1999861264235638,-0.012321906851445664,-0.4232031655023072,-0.7735359832147165,-0.01231378467004488,-0.5394102412146307,2.461846517305088,0.8715044813577598,0.8756810632913421,0.8273330596902327,-1.874390965256171,-1.8988541825015115,-1.7999421066497323,0
7605,-0.056862836489107026,0.25262626827609336,0.3431167454692229,0.02593241521880137,-0.04519495406201573,-0.6550481627957703,-0.8089054244459315,-0.8093240691227896,-0.8114382528505262,-0.503862786088114,-0.5038459233898707,-0.5016298591044038,-0.4225216703630234,-0.3784348344310233,-0.4406826270776128,-0.44123707582479227,-0.15562785696478765,-0.4166909506140306,1.2644493521867324,1.2644374072213087,1.2655862101268016,1.2636512387333703,1.2636258777786782,1.2648083545346562,0.00208389030312708,0.8558215967781014,1.966695813811734,-0.05454595245624002,-1.0865106334805068,-2.070590856842282,-0.6661942109940033,-0.6688534862824405,-0.671519691751833,-0.011962470837766984,-0.011136424222553244,-0.018223993714320045,-0.01908363273954835,0.05976913392843442,1.5842904455847309,-0.01751433331701507,0.7195994837215327,0.7831723404279322,1.0082171785066982,0.9847475802339672,1.0200857750638337,-0.16711247677341967,-0.16010659086159762,-0.13052005556056814,0
3254,0.4100091278645836,0.4516045142531723,1.5588173750477372,-0.060873430908711224,1.421944088050265,0.14499590450303493,0.5615832002384461,0.5609146817971159,0.5507965936828426,-0.317510928556201,-0.3187357663163279,-0.3192346043409288,0.3207724895603663,0.1400056665566045,0.766570996231938,0.3634907244944561,0.2792907241298755,0.26041600082066546,-0.8087746868749658,-0.8086774886009753,-0.809551604685487,-0.7991506798565021,-0.7993103714356717,-0.7999642946462252,-0.10871119718752907,-0.1601276004107309,0.8341889539127052,-0.06088955149888825,1.1929174774522149,0.1116788877244778,-0.1002646417367374,-0.10428652461218936,-0.15516996189740995,0.5183819152357416,0.5020008201438293,0.5031123018276253,-0.011370725050059309,-0.5275929562992763,0.6988640965806895,-0.011244176786001205,-0.298014606969676,-0.7663953131559211,-2.4916278685064883,-2.5053809619303973,-2.5871436126424903,-0.13549620846818744,-0.16010659086159762,-0.1620185848263975,0
31513,0.1993139708455149,0.42291161357581897,1.3812559710289354,0.2925433989457432,0.578720527294176,0.06022600962851895,-0.028684204743993018,-0.029330345404620962,-0.03823836054945461,0.01582860770699424,0.015337976447064937,0.015139145999897718,1.060927075418609,1.009794807675136,0.5126545361532827,1.0651265964556125,0.8469533973210044,0.5814398829731104,1.5693793839937067,1.5696383451847675,1.5701499728651709,1.5929259635929005,1.5929220451620965,1.5927295310201193,-0.09076344876395004,-0.20270545435810614,0.4413680877073271,-0.2084865046671344,-0.047361971871063925,1.2085540102288193,-0.7981818551797866,-0.7970130690813169,-0.7993722214573696,1.1857101018053011,1.1864895823330734,1.171497363232089,-0.0025433656932758518,-0.3986048199012997,-0.11480893653632092,-0.005127106884131115,-0.5434225527899549,0.15856603787023876,-0.7690478844296825,-0.7875833200838714,-0.8248330720836711,1.4137009384883326,1.4205730379019093,1.4129078784652087,0
26524,-0.10114521593937194,-0.3635510736853131,0.6695228850780319,-0.06678921921616278,-1.4150101623110207,-0.4110440286547766,0.0759451896278201,0.07650185419435816,0.07217450290738747,0.6574030511090999,0.6586205920207737,0.6600586810283267,1.0339463607962585,0.8738246678966961,0.198596370116647,1.125465385984915,1.415530181096982,1.713612267353729,1.5773841100132502,1.5773934509854792,1.5774074495450496,1.5758468779403856,1.5760930266917006,1.5753911699645664,0.06635457849856076,-0.4801035112577122,0.26910272649036826,0.01458084603467794,-3.6355786668189554,0.2378293141749088,-0.34263145834421804,-0.3384055654026621,-0.3554872269543638,0.9704426185416432,0.9819782516998282,1.0476979626960898,-0.003258222944008485,-0.3669725402044877,-0.9081985004825984,-0.004422428745278724,1.2031488831416068,-0.3758164774998277,-2.0814897770596117,-2.0691148941598367,-2.0914937731103125,0.6549104991626886,0.6934604086706905,0.656943176085235,0
23366,0.14732697333627612,-0.26642002471730897,0.04533802609666693,0.025600281168269592,-0.5224127830542139,0.11749233112166622,0.7320373458832915,0.7324756157473007,0.7320988643204962,0.5858947186604185,0.5863575337905362,0.5859874039598439,-0.4901206244532051,-0.4121800146560804,-0.5054716466778008,-0.4989432829138983,-0.12492897649028074,-0.6566140625384895,1.0173034363333344,1.0175248451148051,1.0188320030109173,1.022785898428039,1.0229960315900322,1.0238302639219674,0.05887762504901064,0.3911759994338112,-0.9150585668172796,-0.029394669286067657,-0.9648831415159372,1.7741366316551097,0.3149212119269822,0.3145075745242389,0.3107957354277966,0.0689320167524685,0.07270016031343668,0.0773396204686609,-0.017159695941280282,0.03067756677958426,0.27057697770760303,-0.018166650232844396,1.4645594951848464,0.7458583163547239,-0.058141859255142425,-0.051384330721091866,-0.05382221058914596,-0.35681008660481306,-0.3814017388885391,-0.3825082896872028,0
36893,0.007034594113651248,-0.8980418514849696,-0.7412785433107059,0.11030420920879486,1.1613139205513054,0.270713894001926,0.8412311052072579,0.8426355057213881,0.8473184864044981,1.6206296150586614,1.6197012157606399,1.618848483326026,0.930929086783645,1.3090190623584494,0.08578510954698082,1.021636334543567,0.9376026969851812,0.4613844603786729,1.462316173482317,1.4623176874910595,1.4625391117497242,1.4462467574007074,1.446233287151481,1.4464842247254523,-0.037756643033271774,0.4862828040744047,-0.006983926339583718,-0.05626181125998593,0.2527542575744281,0.19129713062087425,-0.8787775558953111,-0.8661365933107128,-0.8430717413948569,0.8647257599547112,0.8633051834116819,0.861289700023227,-0.00339305541585449,-0.2328131142796303,-0.5181150565665391,-0.005715071457161101,-0.4391602753770471,-0.8423483899122844,1.3910127305237865,1.3664803895332154,1.3780551036148674,-1.6530770871195453,-1.6775590344746398,-1.6109509310546863,0
18349,0.012687901192579731,-0.8032868771025431,-1.9808509394371765,0.2886613126408263,-0.8364973959138792,0.6646900931232751,0.21018331369075646,0.21141961040409585,0.2241673365993987,0.7890933015483526,0.7898343007931216,0.7876074946480794,0.39641660219248537,0.1873778431497546,0.7521278744223318,0.42140753817877824,0.2258152549162185,-0.05248841764575988,-0.5528736019376929,-0.5527589971775172,-0.5537881161738902,-0.5545178941866457,-0.554410475784389,-0.5539605921333757,0.1023979823375585,-0.15795761931389546,-1.2499770331450295,0.08685005704047076,-0.29434674327998683,0.8507825368769282,-1.6129756602015168,-1.6087588744116716,-1.52399391465449,0.977897725687234,0.9822921212601844,0.9443832092864238,-0.01197183272454368,-0.5233366500694108,0.20568147519995456,-0.00977606402139268,-0.2854942031547633,-0.7339244971052761,1.0082171785066982,1.0120142094696234,0.9374774684751476,-1.1472167942357594,-1.1401279606950252,-1.1069744628014169,0
960,0.02231693064003932,0.1297292105066064,-0.016754066411602556,-0.02854348006401858,-0.029632397130794814,-0.043156655529803925,0.8681045065476615,0.8679747485234934,0.8679658865542491,-0.4631298108523065,-0.463126502359635,-0.4629996723635706,-1.0729433049718038,-1.2257671652531816,-1.2022862092385291,-1.148738341462706,-1.2816749809108294,-1.2084137533066928,-0.6464288372911041,-0.6463205961925446,-0.6453824770302936,-0.6567412450774375,-0.6566404835075395,-0.6557292331116228,0.033092846154368374,1.7372704863376347,0.06941268314955115,0.03506501608352082,0.143022259222938,-0.09006770549633272,-0.8724930407217579,-0.8755566948302776,-0.8740437440751544,-0.17435635159124518,-0.17398308944222016,-0.17513010955405015,-0.004342276017650353,0.5621276419646859,-0.7013042152314493,-0.00600325803578423,-0.4276357215127752,0.2426825092809857,0.5160514687704594,0.5212148832277501,0.4968998333354275,0.5284454259417597,0.5353924457943539,0.4994505297560883,0
51390,0.06485200032959942,0.15839331027989215,-0.5206230120360243,-0.022745911668733246,0.7756505196541055,0.3767536315926879,-0.9059513094905114,-0.9062658692369044,-0.9027748928223992,-0.032455310500887034,-0.033113170630286064,-0.034397148757720666,0.4382121819347455,0.048109640443943384,0.7904454310213181,0.4045590105615206,0.16441749396720512,-0.21084142618119095,-0.4830823969548002,-0.4832132096743682,-0.4842164431736716,-0.4733922373371956,-0.4735307153744261,-0.473048240540794,-0.11032287337447166,0.0006677420622805254,0.16922680828247558,-0.08682429796721264,0.18320230207680865,1.992940367636168,-0.8918852589715787,-0.8944610674982872,-0.8909282326945709,0.3238208150481001,0.3193692353147548,0.3105545926633261,-0.010252841283481532,-0.6111782326854245,-0.493873483690581,-0.01063382878938884,-0.54114735689466,0.9219195891246378,-0.8784180421488332,-0.8693832077908402,-0.7697608676912138,0.6549104991626886,0.6618468160954232,0.7514387638827229,0
30474,0.1152813402149696,0.6116295374788128,-0.3396064279916772,0.1881264603081432,-0.7851627567142061,3.34621112880911,0.05505249117756144,0.054124341070421016,0.05630918321728669,-0.15355619071635496,-0.15287971301770262,-0.16427761305692426,0.7006609514430701,0.445676135143417,-0.13332206011357048,0.8451480077527975,0.9385168075700296,1.2038695211464618,0.6816052388887405,0.6815536486517516,0.6822352397544618,0.6751762727944846,0.6751125900751325,0.6737963950757984,0.0269898976565978,0.08706021078097882,0.5047975348460013,-0.26525763615522224,-0.09252030500353606,2.9869311554670954,-1.5358941577667138,-1.5418941211188473,-1.5804466121662166,-0.3582152762564513,-0.35340510489604154,-0.4272168921675747,-0.00831076338900146,-0.5867155823751619,-0.4588739879234981,-0.006430141899819598,-0.4248971341485128,1.062037557073012,0.8441619419279721,0.8484144340556858,0.9099413662789188,-1.0839842576252952,-1.1085143681197578,-1.169971521333076,0
2741,-0.12255080638376074,-0.3942060359522721,1.3769210588197638,0.31613945438756313,1.0017631768309174,0.9707176368394532,0.4567220913346671,0.4573638367530147,0.4484096187038651,-0.258051013080888,-0.25891266419691633,-0.2622219845014592,0.3338213442686306,0.15424730192479827,0.1658373651289288,0.38191880157583136,0.16030399633538533,0.19179949267638574,-0.7204725529718793,-0.7203693483541709,-0.721210595444202,-0.7182761860313541,-0.7184306110257094,-0.7185493818636275,-0.03717929574098728,-0.13864863958950982,1.3822935288808131,-0.216646391894792,-0.08698916248873195,0.7310634730333273,-0.9330167695054244,-0.9285736422108264,-0.9636624013750216,-0.6500468110601044,-0.6591646808054119,-0.6860204507676266,-0.01316326147576473,-0.5452782763115848,-0.06033789030726925,-0.01028009075598875,-0.5265332588690046,-0.5638486984009831,-0.058141859255142425,-0.051384330721091866,-0.02628610839291728,-1.0839842576252952,-1.1085143681197578,-1.0124788750038594,0
3108,-0.020678324381549984,0.3987908564191982,-1.677662079631017,0.15485873799802413,1.0399020226781623,-0.027813278031003055,0.2328502050662438,0.23224495778928925,0.24305984483735146,-0.4604223014200887,-0.4613214301307365,-0.461254695080885,0.2913389826996195,-0.04018849883885818,0.3210667531583526,0.30620573059578193,0.1468970410909357,-0.5430354375664258,-0.8305375357405989,-0.8304418177836153,-0.8315742925416713,-0.8189925587763365,-0.8189023630877744,-0.8188103392718261,0.04382171332795202,0.010016893755936387,-1.2539821398559328,-0.16615209673567152,0.18037253707634046,-0.6597550803517516,-0.20024230026914605,-0.20272530209906506,-0.17114350926152366,-0.8825915304223636,-0.8907194177519101,-0.8988297967299179,-0.012147850387789916,-0.606604950099093,-0.2328851144680207,-0.012179484128550605,-0.4535197891814498,-0.2329723012620229,1.3089851122344232,1.2846805018262466,1.32298289922241,-2.759646477802744,-2.7524211820337987,-2.7448979846246813,0
15308,0.2320429094598344,0.2034667251456969,-0.9805061984619352,0.2123295909746004,-0.13929668256052172,-1.2727180289123152,-0.07875236784335615,-0.07906683643063639,-0.07273130947957109,0.3565686697515844,0.35670721946892264,0.3610508064771025,0.9408383674267634,0.7440009181192663,1.1887019853991259,0.9384467294333594,1.5596549499748151,0.6223657346159363,1.2289283804750089,1.2291641840632368,1.2290485689108601,1.2016139717308505,1.201333391500198,1.2014856445926358,-0.021078854643074726,-0.030785170926987068,-0.25862157690025805,-0.180914074538434,0.21003266652569252,-1.3016919379051202,-0.9525500687081208,-0.9489282484915208,-1.0042698531078886,0.7799277094777954,0.7847770443755194,0.7854499035901263,-0.0040343676819438465,-0.37252779593636576,-0.5670621558663204,-0.007904250224316255,0.21380408137181808,-0.5143200427740142,0.7894768630683361,0.7938811755843127,0.8273330596902327,-1.242065599151456,-1.2349687384208272,-1.1069744628014169,0
25285,-0.3688894091200007,0.8324064677220616,-1.523602699648213,0.07290677780476218,0.1982506514915061,-1.6745504971059504,0.21390994148887976,0.21265640677896053,0.22246728505984412,0.4558289738804967,0.4556853466868578,0.4614020431391349,0.7298982349247455,0.6386128163946322,1.1859227095934923,0.7102544835171318,0.5820136794789829,0.906171497097784,0.5210104231216542,0.5209479091660624,0.5200681746316486,0.5048877423179309,0.5048129703299321,0.5034281516603628,-0.04338883927770439,0.5336757048342847,-0.8506450077439263,0.05382876235674218,0.24165791055870325,-0.7270730365894577,-1.5049846035457697,-1.5159695910513797,-1.6279181987101696,-0.21560727009832653,-0.22178238603707884,-0.217841915827354,0.0007641974160810262,-0.4353266941877589,-0.6197353820973943,-0.009363969205081386,-0.4328799958496181,-0.529367494114557,1.090244796796122,1.0665474679409963,1.1853023882412668,-2.0324723067823323,-2.0253085528025805,-1.8944376944472203,0
10037,-0.024952469965397003,0.18476413806679468,-0.05172150824946512,0.09580309917186867,-1.4721212732995077,0.5550913816421417,-0.5043310686419902,-0.5046498401927142,-0.5042499077274721,-0.2783422921034524,-0.2770987669030688,-0.2789948264858942,1.058866729938357,0.9511792347386754,0.8306310254568778,1.1155668760097763,1.253275552286313,0.951743747034922,1.7029582494448352,1.7029761320163448,1.7032871312684676,1.721772595059674,1.7217770671816943,1.7223903180442566,-0.07656947778843984,0.018793119079528357,-0.3088799445410767,-0.011889714007546485,-1.646620692878741,1.7387367722946832,1.6538179313406909,1.6578602533469884,1.6966324783895477,-1.7292671385540992,-1.7174113404314721,-1.7157032225906943,-0.0016412138816516832,-0.4552847673539034,-0.2804983473176895,-0.006621200408254903,0.02008717282819374,1.90914205460438,-0.9331031210084084,-0.9239164662621528,-0.9349774808685858,1.8879449630668863,1.8631633339557219,1.8853858174527185,0
28970,0.19854699529213288,0.918305164103699,0.7869055078401025,-0.01614157225123266,1.2374856219377437,0.11445946641508868,0.37917313318093104,0.3777810633637186,0.3726750646353231,-0.05519838973151519,-0.056248179697335365,-0.05664560911196225,0.3676698771584891,0.4272369651403871,-0.0914051135367964,0.4015052149308935,0.2692355076965385,0.3051903843840327,-0.6759462644881699,-0.6760901958791443,-0.6766647040987379,-0.6605086904419631,-0.6604081742098671,-0.6610061256067912,-0.13830279603765852,-0.0325494040790888,-0.3400740042379964,-0.031172725831618783,0.6320606745121902,-0.319567089774283,-0.7522407667069971,-0.7522996716778235,-0.7576485459327932,0.4478770349036285,0.4399153961405095,0.4046097182423946,-0.010843652660115841,-0.3874943084375434,-0.8092749049487097,-0.011037130117864202,-0.4065220963495901,-0.5354900401053447,-1.8354069221915232,-1.8237152310389304,-1.7885966489517968,0.27551527949990184,0.3140972977674825,0.2474622956294537,0
31456,0.17396473155573638,0.2580444383538119,3.881607833795371,0.2066901816509968,0.6344007691239659,0.2732427549526,-0.00242093930136902,-0.0028149119923616675,-0.027857626487445702,0.035513705451123284,0.03497415384376596,0.03404657657410075,1.0418934076486606,1.1058883684226326,1.247066777317439,1.0637576535867102,0.8669114784235374,0.5209428385148498,1.5548708180832849,1.5548786276930922,1.5548842460557704,1.5710747804786531,1.5710694390885969,1.5718732416344534,-0.06656280475432161,0.2373256236806599,1.375885358143368,-0.11646808408447233,0.1298690922763172,0.12934737674012758,-0.9986450636749564,-0.9939624940394136,-0.9348330351684644,0.9753283943236244,0.974769376636168,0.9919679706872084,-0.0016211115858491842,-0.2631219359932597,-0.5119676720573247,-0.0058893423979096225,-0.4609565396193006,0.07822665950853497,-0.7143628055701072,-0.7057834323769027,-0.7972969698874425,1.065921987130778,1.104437112149236,1.1294211150727451,0
41254,-0.009783088020506996,-0.4193528253163013,0.27044321725664483,-0.1307685576274021,-0.34652186684253306,1.9356637751158619,1.228921052299733,1.2296348503353598,1.227746148659006,0.3945038852407671,0.3948243280358297,0.3882483834348232,0.7386301752934333,0.7030749554296144,0.7234694402953856,0.7660652312492966,0.3728347073127404,0.6180478695343541,0.6253220090638272,0.6252665904207859,0.6249261997650724,0.6342366998333073,0.6341703511098411,0.6320838163044676,0.04539258758611126,-0.5794860774678101,-0.9930093865734856,0.07515802282405784,0.018452335688437158,0.15876186514290316,0.2583990519885169,0.2608874326322194,0.3144523306075335,-0.9168526537630908,-0.9197877889706858,-0.9528375384858436,-0.006464784274455265,-0.3294745640143101,-0.07095082771468628,-0.009146530233138278,-0.6093116798064325,-0.4177757168148027,-0.4682799507019575,-0.4603837692559358,-0.43932764133640856,2.36218898764544,2.3689808151600693,2.231869639376911,0
29220,0.006097489437519047,0.7162128203743101,-0.8578536824259699,0.08352739910315209,1.0605524676968885,0.8155817439038755,0.20605084268871685,0.2049723636694909,0.2104819217059848,-0.057018437738728174,-0.05793291377764066,-0.06070719416648916,0.3961222671238775,0.08079044581516705,0.09407737506542957,0.3691771025652809,0.3207304039763565,0.0499670114096185,-0.6794483321217203,-0.6795925017246268,-0.6799180557138557,-0.6730668416570479,-0.6732183225977806,-0.6738214359522003,-0.0305561226512289,-0.0534929316947594,0.09647919430183444,-0.16932475218922233,0.3373327892550897,0.7941311172096663,-0.8789827645540395,-0.8811266186170503,-0.8604566061967638,1.1897562929290957,1.1838571279558945,1.1906447336914212,-0.010972601533190384,-0.6145849115680615,-0.3058998040633107,-0.012237041503476723,-0.4758220094470129,-0.6659977430781294,-0.6870202661403195,-0.7057834323769027,-0.7422247654949851,2.2357239144245105,2.242526444859,2.3578637564402283,0
9618,0.11294276202765755,-0.28020845753967577,1.1466182229227109,0.14812339813731235,1.5739518548476452,2.0829743465782005,-0.9968821246382442,-0.9964889307292492,-1.0037908584952844,-0.20099777265643512,-0.202338692089522,-0.2094364217002192,0.7704183627030399,0.5509143249168069,0.03767174478059649,0.6989870306730913,0.8605127043295953,1.2753020282569916,0.5502777026306093,0.5502171794461648,0.5508498860669978,0.5674273353690543,0.5671054566084122,0.565745739222351,-0.1650637610784426,-0.13831993239377616,1.1395726190380526,-0.0554617999387848,0.3216642756413859,0.8205179860618791,-1.285796104941646,-1.2796200139610423,-1.3319264415293637,0.7236350754680093,0.7196642978384433,0.7112107868038906,-0.007055105351191949,-0.46698348236574105,-0.2591854812126307,-0.009278432550677295,-0.4806807934803819,-0.4819558382207212,-1.2338710547361336,-1.223849387854432,-1.2654107072233909,1.5085497434040291,1.5154138156277113,1.727893171123572,0
35202,0.0009866432499825693,1.0662158070559025,0.7123620174980779,-0.1101487683526851,0.9358902003768292,0.8895465056255117,0.8662946652328994,0.8647113611929192,0.8600140325789133,1.304016470398944,1.3032570117661562,1.3002998717902448,0.3422589495687114,0.4450764873384401,-0.1610692562714571,0.3713884718150456,0.6485914004088067,1.2546983024872658,-0.7414849587731801,-0.7416333481303135,-0.7414814785845535,-0.7484157489475584,-0.7485721366443289,-0.7494568950496137,0.0005334170093595255,0.7849312675731984,1.0884445710828663,-0.04265363009878461,-1.363775200470829,-0.3746464762133679,-1.001492333814811,-1.0148946269800272,-0.9860381978433059,2.8538535473675344,2.8468595566162502,2.8525149189553587,-0.010927003642711552,-0.08836012626335181,-0.4946274082058621,-0.011459617237981605,0.2525940431588794,0.6065018591017209,-0.5229650295615328,-0.5149170277272482,-0.4943998457288658,-0.5148914281310445,-0.5710832943401429,-0.697493582345566,0
48704,-0.01202962914141321,0.04583937718368456,-0.09434389505905258,0.003506896664064801,-0.14136526007266273,-0.008077552010358455,-1.0465156516036838,-1.0466463712974856,-1.0459082643784416,-0.08486065973336622,-0.08473823637678361,-0.08471567471102576,-1.0594529476606285,-1.2220793312525755,-1.0800390794992432,-1.127151165453095,-1.2501838712627868,-1.2136984447000212,0.2668603720011567,0.26703073536859445,0.2683088111848133,0.264524728061203,0.2646854829015969,0.26596798937778604,-0.004824539271237939,0.5795021103644964,-1.2798436860463358,0.017571473234688682,-0.3290375660635048,-0.08612830667342736,-0.2298436492906977,-0.2300487300761137,-0.2262875306036608,0.04093237417581298,0.041757684074600065,0.0397915256890722,-0.0006856193811867326,0.014959460855858432,3.467506893466424,-0.003746928997881937,-0.10583162859195824,-0.1706959565945336,0.46136638991088397,0.4666816247564377,0.4418276289429702,-0.32519381829958083,-0.31817455373793424,-0.35100976042137344,0
39785,-0.07321475528721147,-0.8338338359792486,-0.02535631719844929,-0.08606545516477478,-0.7255078783324801,-0.12315177797997046,0.6930983357778087,0.6944119046982508,0.6944783689613218,0.2531493303004044,0.2537759840696996,0.2542070508908709,0.3919034644738376,0.12066702484610985,-0.10767071128452277,0.4342545404869369,0.26542671359300185,-0.13551345383401658,-0.5403662175321563,-0.5405009267183293,-0.5407747097134179,-0.5482388185791027,-0.5483821706606646,-0.5489349802332153,0.04728987727453734,-0.3455518431290799,-0.3180802468141227,0.08455615867297543,-0.4013799842699193,-0.03766776235949591,1.327792674786166,1.339322215587314,1.3391842618721108,0.15987926618977055,0.1598121255841092,0.15184416641152876,-0.011603127201532065,-0.5639006372539617,0.4025137678817765,-0.01238293346075473,-0.35958865190164263,-0.9849793431553852,1.3636701910939986,1.3392137602975591,1.4055912058110958,-1.8427746969509389,-1.835626997350977,-1.8944376944472203,0
49608,-0.008866900859467031,-0.07639705984875161,-0.20286119736197472,-0.007877361364263494,-0.13922955536542236,0.9833177307370422,-0.8019676994060111,-0.8018923215044232,-0.8004975985879093,-0.07424120607144595,-0.07413343703200488,-0.0774800361509242,-0.6603444057978567,-0.5740399484143841,-0.7661768296259553,-0.6368906027801917,-0.6586933821599317,-0.12199665879601874,-0.09810510495239297,-0.0979595666713133,-0.09756811660770587,-0.10066630927347066,-0.10052933584400944,-0.10115295992892807,-0.004298551406809492,0.3855905451313057,-0.5890199942257032,0.026670032804269158,-0.33105508370272746,3.2808431456832694,-0.33626998992364193,-0.33574894276703554,-0.33146917019482897,-0.07641728389202683,-0.07459983684408124,-0.11615823471607545,-0.013221116863684105,0.8391551741234919,-0.1678881221217768,-0.01670853006804943,-0.2363200963178737,1.2562227843927705,-0.08548439868493009,-0.07865095995674813,-0.10889441498166444,0.4652128893312952,0.4721652606438192,0.3419578834269417,0
46785,0.16154670009597855,0.2808151531322636,3.1651148442422405,-0.2956485910724875,0.264847895050614,0.9278773175876508,0.461137007269162,0.4607369177753728,0.44026582342567655,-0.2220561793514613,-0.22228474021885053,-0.22545711830418635,0.7936708331230301,1.1088866074475157,1.7196347880721152,0.7457416948109802,1.082032169391297,0.6424531939085165,0.6478353009937923,0.647781413713172,0.6459478563550665,0.6395111233436429,0.6394451180930995,0.638617111774676,0.2493461288508177,-0.03789731607217739,0.6261865976724594,0.1977218114694131,0.6239119993719531,0.11858069583070308,0.9919558792361968,0.9897645792271104,0.9685338122320456,-1.4768859672074388,-1.4781617368439883,-1.4741829518232459,-0.0049654471875277,-0.26256641042007184,-0.31790460211432336,-0.009882784987401529,-0.25653424410628645,-0.6170021449379207,-0.5776501084211688,-0.5421836569629045,-0.4943998457288658,2.298956451034976,2.3057536300095354,2.231869639376911,0
7864,0.031015827916397457,0.184854140892006,0.12323044861597282,-0.07372585244083317,-0.2435699476217159,0.960681772577163,-0.6645842905127234,-0.6648849004662003,-0.6656177030545429,-0.15445869386042746,-0.1542636017265248,-0.15753839044793155,0.2823127072623239,0.06325074751960186,0.7975986490784415,0.30525800091731137,0.12572014587527086,-0.1612329110590952,-0.8125269021966263,-0.812429959149706,-0.8133054719337004,-0.8177367436548281,-0.8176464661869988,-0.8185590586768181,-0.10350895126765113,-0.006987283560863666,-0.879275799145868,-0.006717600872477347,-0.10762548576992433,0.644205726003912,2.0375581231625386,2.0388995096356557,2.1354238999579724,-0.3216579394529712,-0.3162672485287589,-0.33444838883630257,-0.013201014567881609,-0.5433535435903635,0.5128477209834756,-0.01259877361672767,-0.5313655404440097,-0.9007410300333788,1.3089851122344232,1.3119471310619029,1.5157356145960108,-1.5266120138985462,-1.5194910715982333,-1.5164553432571983,0
33419,-0.008649358702507777,0.3236564979328288,0.042261088410941394,-0.08148363478514448,0.8472646377943238,0.5141521291889227,1.208491782913406,1.2080526164768568,1.207647152231692,1.7870662365447068,1.786399636099418,1.7848168829800812,-0.6541633693571,-0.6163151186652331,-0.9424102528422194,-0.6517383677429001,-0.015509939483874781,-0.5703506275390461,-0.2862161664116588,-0.2860834235143634,-0.2852614790183686,-0.2845176430623164,-0.2843926421175888,-0.2840852330947649,-0.0009619736805504984,0.9979617786832412,0.8505984482653771,0.028340812510743375,2.6899941703388177,1.7612110251123216,0.6011616397705649,0.5983555109114556,0.5946758229606321,1.1097428634560662,1.1041747589235835,1.0867018654836182,-0.013659935272055643,0.3181048644482149,-0.4142619545865824,-0.016083792727705538,1.5048753560898251,0.6400083296980714,0.24262607447258264,0.24854859087118755,0.2215388113731408,-0.13549620846818744,-0.1284929982863303,-0.1935171140922268,0
10882,0.057776023324197616,0.03676889245889263,0.01739271704626885,0.005695402848881941,0.0015768023760346446,-0.041612370337373104,0.16665388788692315,0.16660973731032955,0.16647800701764434,0.2879017180348246,0.2879098999181705,0.2880641230472547,-1.0859136703284396,-1.2693765518701037,-1.1814006349876665,-1.1598794303496174,-1.2488584109147558,-1.1200523990773934,-1.8316035687909131,-1.8316009601850607,-1.831129037614243,-1.834268851911104,-1.834244771488988,-1.8338583028067141,0.004354517639920879,0.2925895209633809,0.1526113370132432,0.0008728243735850959,-0.255974605843082,-0.8355433293336597,0.047674128002816986,0.04870798795577423,0.04950442499476723,-0.23876159880423856,-0.23676712633794536,-0.25127383250237834,-0.009385500764588514,-0.23376077555153896,-0.6394244107849247,-0.00940034226840275,-0.06673648698131346,0.1224247402679027,0.8441619419279721,0.8756810632913421,0.8548691618864614,0.4019803527208308,0.4089380754932845,0.373456412692771,0
35102,0.20924281800929653,0.35798357546840764,-2.008985369657484,-0.031284903973169784,0.8115459039809244,0.7303432139580808,0.8936616596591471,0.8931494507879227,0.9060251048913728,1.3043022630612338,1.303648110749084,1.301217489154416,0.352266341901365,0.15874466046212254,0.3761055264895954,0.385709720289715,0.3326138415793912,-0.08191560684306741,-0.7249752113578724,-0.7251224777158969,-0.7257152361420574,-0.7418855103157143,-0.7420414727602948,-0.7426723189843968,0.0017865462471183668,-0.029892782251069526,-1.5167171400911774,-0.1225908526126378,0.5613165495004845,0.22361114697784268,-0.021479907434489853,-0.02502291562719636,0.019724344041478586,2.7640281044193045,2.7581660937543644,2.7252710179134483,-0.011362880251697365,-0.5319652693400133,0.1491371365538801,-0.012390927540605579,-0.3836737648207724,-0.48300672298033404,-1.2065285153063459,-1.1965827586187758,-1.182802400634705,-0.7045890379624379,-0.6975376646412124,-0.7289921116113953,0
6143,0.007932652761611276,0.0991606509518502,-0.00930910968718664,-0.0013177538054203878,-0.0771068693112275,0.04859413347253418,-0.8411260842163132,-0.8413272037007734,-0.8411617346066086,-0.23431518039177998,-0.2342583860038774,-0.23442269123936416,-1.0312752704259398,-0.9017025002487126,-1.085675086337881,-1.1043845925102762,-1.2306828454526784,-1.2216536417796762,0.5445243058040621,0.5447135559746921,0.5460949875525937,0.539297076647264,0.5394757247913445,0.5408689603165572,0.014909976616175259,2.883765232707096,1.2886884634659914,0.03701996528925194,-0.0901674078087023,-0.22370799692723287,-0.3132353179813947,-0.3145087956077985,-0.3160344894887817,0.0342844821594192,0.03423696441548948,0.032985597924744516,-0.0004904800219332443,5.886023311597557,2.6089028589483396,-0.001611310565727473,-0.4346387953592178,-0.4314524489036767,0.5433940082003077,0.548481512463467,0.551972037727946,-0.45165889152058003,-0.4446289240390738,-0.4770038774847607,0
