,0,1,2,3,4,5,6,7,8,9,10,11,12,13,14,15,16,17,18,19,20,21,22,23,24,25,26,27,28,29,output
172,0,1,0,0,1,other,services,course,father,0,1,0,0,1,1,1,1,-0.6114217963383591,0.4281306268612493,0.6308661935384804,-0.7600319244561619,0.08365294968062233,1.3126672547710103,0.07260614867809903,1.7326030633460807,1.5449502524562555,2.7027705233804906,1.339864308623573,1.0129025496993858,-0.7891594563761749,0
242,0,1,0,1,1,at_home,other,course,mother,1,1,0,1,1,1,1,1,1.0316951635937113,-0.4539543789576424,-1.1888322936014033,3.2502178232840735,0.08365294968062233,-0.3743051181921297,0.07260614867809903,-0.1716465354881382,-1.0085456232078611,2.7027705233804906,2.1190506314700777,-0.3710421971530383,-0.3578630461124801,0
646,1,0,0,0,1,other,other,course,mother,0,0,0,1,1,1,0,0,1.0316951635937113,-1.3360393847765342,-1.1888322936014033,0.5767179914572501,0.08365294968062233,-0.3743051181921297,-3.0688198841276586,-2.075896134322357,-1.8597109150959,-0.5435553304269218,-0.99769465991594,1.0129025496993858,0.5047297744149093,0
290,0,0,0,0,1,services,services,home,mother,0,1,0,0,1,1,1,0,1.8532536435597464,-0.4539543789576424,-0.2789830500314615,-0.7600319244561619,0.08365294968062233,-0.3743051181921297,0.07260614867809903,-0.1716465354881382,-0.1573803313198222,-0.5435553304269218,-0.99769465991594,1.0129025496993858,-0.7891594563761749,0
435,1,0,1,1,1,at_home,services,reputation,father,0,1,0,0,1,1,1,0,-1.4329802763043944,-1.3360393847765342,-1.1888322936014033,0.5767179914572501,0.08365294968062233,-0.3743051181921297,1.1197481596133516,0.7804782639289712,-0.1573803313198222,-0.5435553304269218,-0.2185083370694357,0.3209301762731737,-0.7891594563761749,0
451,1,1,1,0,1,other,other,course,father,0,0,0,0,1,1,0,0,-0.6114217963383591,-1.3360393847765342,-0.2789830500314615,0.5767179914572501,0.08365294968062233,-0.3743051181921297,0.07260614867809903,-0.1716465354881382,-0.1573803313198222,-0.5435553304269218,-0.99769465991594,1.0129025496993858,-0.7891594563761749,0
493,1,0,0,0,1,other,at_home,course,father,0,0,0,1,0,1,0,0,0.21013668362767604,-2.2181243905954258,-1.1888322936014033,0.5767179914572501,-1.1228084801576852,-0.3743051181921297,-2.0216778731924063,0.7804782639289712,0.6937849605682166,1.6206619054446871,2.1190506314700777,1.0129025496993858,0.28908156928306195,0
488,1,0,0,0,1,at_home,services,course,mother,0,0,0,1,1,0,0,1,1.8532536435597464,-1.3360393847765342,-1.1888322936014033,-0.7600319244561619,1.2901143795189296,1.3126672547710103,1.1197481596133516,-0.1716465354881382,-1.8597109150959,-0.5435553304269218,-0.99769465991594,-0.3710421971530383,0.5047297744149093,0
234,0,0,1,0,1,at_home,services,reputation,mother,0,1,0,1,1,1,1,0,0.21013668362767604,-0.4539543789576424,-1.1888322936014033,0.5767179914572501,0.08365294968062233,-0.3743051181921297,0.07260614867809903,-1.1237713349052476,1.5449502524562555,-0.5435553304269218,-0.2185083370694357,1.0129025496993858,-0.7891594563761749,0
79,0,0,0,0,1,at_home,other,course,mother,0,1,0,0,1,1,1,0,-0.6114217963383591,0.4281306268612493,1.5407154371084224,-0.7600319244561619,0.08365294968062233,-0.3743051181921297,-2.0216778731924063,0.7804782639289712,-0.1573803313198222,-0.5435553304269218,-0.2185083370694357,-0.3710421971530383,2.2299154154696885,0
67,0,0,0,0,1,services,other,course,mother,1,1,0,0,1,1,1,0,-0.6114217963383591,0.4281306268612493,-1.1888322936014033,-0.7600319244561619,2.4965758093572368,-0.3743051181921297,0.07260614867809903,-0.1716465354881382,-0.1573803313198222,-0.5435553304269218,-0.2185083370694357,1.0129025496993858,-0.7891594563761749,0
279,0,1,0,0,1,services,services,other,mother,0,0,0,0,0,0,1,1,4.317929083457852,0.4281306268612493,-1.1888322936014033,-0.7600319244561619,-1.1228084801576852,4.68661200069729,1.1197481596133516,0.7804782639289712,1.5449502524562555,3.784879141316296,2.1190506314700777,-1.7549869440054624,1.7986190052059936,0
539,1,0,0,1,1,other,other,home,mother,0,1,0,1,1,1,1,0,-0.6114217963383591,1.3102156326801409,-1.1888322936014033,0.5767179914572501,0.08365294968062233,-0.3743051181921297,-3.0688198841276586,-1.1237713349052476,0.6937849605682166,0.5385532875088825,-0.2185083370694357,-1.7549869440054624,0.936026184678604,0
528,1,0,1,0,1,at_home,other,other,mother,0,1,1,0,1,1,1,0,0.21013668362767604,-0.4539543789576424,-0.2789830500314615,-0.7600319244561619,-1.1228084801576852,-0.3743051181921297,1.1197481596133516,-2.075896134322357,-0.1573803313198222,-0.5435553304269218,-0.2185083370694357,1.0129025496993858,0.28908156928306195,0
486,1,0,0,0,1,other,services,course,father,0,1,1,1,0,1,1,0,-0.6114217963383591,-0.4539543789576424,-0.2789830500314615,-0.7600319244561619,-1.1228084801576852,1.3126672547710103,0.07260614867809903,0.7804782639289712,-0.1573803313198222,-0.5435553304269218,1.339864308623573,-0.3710421971530383,-0.5735112512443276,0
524,1,0,1,1,1,at_home,other,other,mother,0,1,0,0,0,1,0,0,-0.6114217963383591,0.4281306268612493,1.5407154371084224,1.9134679073706617,0.08365294968062233,-0.3743051181921297,0.07260614867809903,-1.1237713349052476,-1.8597109150959,-0.5435553304269218,-0.99769465991594,-1.0630145705792504,-0.3578630461124801,0
527,1,1,0,1,1,services,services,other,mother,0,0,0,0,1,1,0,0,-0.6114217963383591,-0.4539543789576424,-0.2789830500314615,3.2502178232840735,1.2901143795189296,-0.3743051181921297,1.1197481596133516,-2.075896134322357,-0.1573803313198222,0.5385532875088825,-0.2185083370694357,-0.3710421971530383,-0.7891594563761749,0
608,1,0,0,1,0,at_home,services,course,mother,0,0,0,0,1,1,0,1,1.0316951635937113,-1.3360393847765342,-1.1888322936014033,-0.7600319244561619,0.08365294968062233,-0.3743051181921297,1.1197481596133516,-1.1237713349052476,-0.1573803313198222,-0.5435553304269218,-0.2185083370694357,-0.3710421971530383,-0.3578630461124801,0
605,1,0,0,0,1,at_home,services,other,father,0,0,0,0,1,0,0,0,1.8532536435597464,-1.3360393847765342,-1.1888322936014033,0.5767179914572501,-1.1228084801576852,1.3126672547710103,1.1197481596133516,1.7326030633460807,1.5449502524562555,0.5385532875088825,0.5606779857770687,-1.0630145705792504,-0.7891594563761749,0
512,1,0,1,0,1,at_home,other,other,mother,0,1,0,0,1,1,1,1,1.0316951635937113,-1.3360393847765342,-1.1888322936014033,-0.7600319244561619,0.08365294968062233,1.3126672547710103,0.07260614867809903,-0.1716465354881382,-1.0085456232078611,-0.5435553304269218,-0.99769465991594,1.0129025496993858,1.1516743898104516,0
473,1,1,0,1,1,at_home,services,course,mother,0,1,0,1,1,1,1,0,-0.6114217963383591,-0.4539543789576424,-1.1888322936014033,0.5767179914572501,-1.1228084801576852,-0.3743051181921297,-2.0216778731924063,0.7804782639289712,-0.1573803313198222,0.5385532875088825,0.5606779857770687,0.3209301762731737,0.0734333641512146,0
192,0,1,1,0,1,teacher,services,other,mother,0,1,0,1,1,1,1,1,-0.6114217963383591,1.3102156326801409,-0.2789830500314615,-0.7600319244561619,-1.1228084801576852,-0.3743051181921297,0.07260614867809903,-0.1716465354881382,-0.1573803313198222,1.6206619054446871,1.339864308623573,-0.3710421971530383,0.936026184678604,0
603,1,0,1,1,0,teacher,other,reputation,mother,0,0,0,1,1,1,1,1,1.0316951635937113,1.3102156326801409,-0.2789830500314615,-0.7600319244561619,0.08365294968062233,-0.3743051181921297,1.1197481596133516,-0.1716465354881382,-1.8597109150959,-0.5435553304269218,-0.99769465991594,1.0129025496993858,-0.7891594563761749,0
43,0,1,0,0,1,services,services,course,father,1,1,0,0,1,1,1,0,-1.4329802763043944,-0.4539543789576424,-0.2789830500314615,-0.7600319244561619,-1.1228084801576852,-0.3743051181921297,1.1197481596133516,0.7804782639289712,-1.8597109150959,-0.5435553304269218,-0.99769465991594,-1.7549869440054624,-0.7891594563761749,0
176,0,1,0,1,1,other,other,course,mother,0,0,0,1,1,1,0,0,-1.4329802763043944,-1.3360393847765342,-0.2789830500314615,0.5767179914572501,-1.1228084801576852,-0.3743051181921297,0.07260614867809903,0.7804782639289712,0.6937849605682166,0.5385532875088825,1.339864308623573,1.0129025496993858,-0.3578630461124801,0
610,1,0,1,0,0,at_home,at_home,course,other,0,1,0,1,1,0,0,1,1.8532536435597464,-1.3360393847765342,-1.1888322936014033,0.5767179914572501,0.08365294968062233,4.68661200069729,-0.9745358622571536,1.7326030633460807,0.6937849605682166,-0.5435553304269218,1.339864308623573,-1.7549869440054624,-0.7891594563761749,0
565,1,1,1,1,1,at_home,other,course,mother,0,0,0,1,1,1,1,0,-0.6114217963383591,-1.3360393847765342,-1.1888322936014033,0.5767179914572501,-1.1228084801576852,-0.3743051181921297,0.07260614867809903,1.7326030633460807,1.5449502524562555,0.5385532875088825,1.339864308623573,1.0129025496993858,-0.7891594563761749,0
464,1,1,1,0,1,at_home,other,other,father,0,0,0,1,1,1,0,0,-0.6114217963383591,-1.3360393847765342,-1.1888322936014033,0.5767179914572501,-1.1228084801576852,-0.3743051181921297,-0.9745358622571536,0.7804782639289712,0.6937849605682166,1.6206619054446871,1.339864308623573,1.0129025496993858,0.5047297744149093,0
71,0,1,0,0,1,other,other,course,mother,0,0,0,0,1,1,1,0,-1.4329802763043944,1.3102156326801409,-0.2789830500314615,-0.7600319244561619,2.4965758093572368,-0.3743051181921297,-0.9745358622571536,-0.1716465354881382,-0.1573803313198222,-0.5435553304269218,-0.99769465991594,-0.3710421971530383,-0.7891594563761749,0
643,1,0,1,0,1,teacher,at_home,reputation,mother,0,1,0,1,1,1,1,1,1.0316951635937113,1.3102156326801409,1.5407154371084224,1.9134679073706617,-1.1228084801576852,-0.3743051181921297,0.07260614867809903,0.7804782639289712,-0.1573803313198222,0.5385532875088825,-0.2185083370694357,1.0129025496993858,0.0734333641512146,0
264,0,0,0,1,0,other,other,home,mother,0,1,0,0,0,0,1,0,0.21013668362767604,-0.4539543789576424,-0.2789830500314615,-0.7600319244561619,-1.1228084801576852,1.3126672547710103,-0.9745358622571536,-2.075896134322357,-1.0085456232078611,-0.5435553304269218,-0.99769465991594,-1.7549869440054624,0.936026184678604,0
434,1,0,0,1,0,at_home,other,reputation,mother,0,0,0,1,0,0,0,1,-0.6114217963383591,-0.4539543789576424,-0.2789830500314615,0.5767179914572501,2.4965758093572368,-0.3743051181921297,-3.0688198841276586,-1.1237713349052476,-1.8597109150959,-0.5435553304269218,-0.99769465991594,-1.7549869440054624,0.0734333641512146,0
466,1,1,0,0,1,other,services,home,mother,0,1,0,0,1,1,0,0,-1.4329802763043944,0.4281306268612493,-1.1888322936014033,0.5767179914572501,-1.1228084801576852,-0.3743051181921297,-0.9745358622571536,-1.1237713349052476,-0.1573803313198222,-0.5435553304269218,0.5606779857770687,0.3209301762731737,-0.7891594563761749,0
624,1,0,1,0,1,other,services,reputation,mother,0,1,0,0,1,1,1,1,0.21013668362767604,-1.3360393847765342,-1.1888322936014033,1.9134679073706617,-1.1228084801576852,1.3126672547710103,1.1197481596133516,-1.1237713349052476,-1.8597109150959,-0.5435553304269218,-0.2185083370694357,-1.7549869440054624,-0.7891594563761749,0
484,1,0,0,1,0,other,other,home,mother,0,1,0,0,1,0,0,0,-0.6114217963383591,-0.4539543789576424,-0.2789830500314615,-0.7600319244561619,-1.1228084801576852,-0.3743051181921297,0.07260614867809903,-0.1716465354881382,0.6937849605682166,-0.5435553304269218,-0.2185083370694357,-1.7549869440054624,0.5047297744149093,0
68,0,0,1,1,1,health,services,reputation,mother,1,1,0,0,1,1,1,0,-1.4329802763043944,-0.4539543789576424,-0.2789830500314615,0.5767179914572501,0.08365294968062233,-0.3743051181921297,0.07260614867809903,-2.075896134322357,-0.1573803313198222,-0.5435553304269218,0.5606779857770687,0.3209301762731737,-0.7891594563761749,0
207,0,1,1,0,1,services,services,reputation,mother,0,1,0,1,1,1,1,0,-0.6114217963383591,0.4281306268612493,0.6308661935384804,-0.7600319244561619,-1.1228084801576852,-0.3743051181921297,0.07260614867809903,-0.1716465354881382,-1.0085456232078611,1.6206619054446871,1.339864308623573,1.0129025496993858,-0.7891594563761749,0
257,0,1,0,0,1,teacher,teacher,course,mother,0,1,0,1,0,1,1,0,0.21013668362767604,1.3102156326801409,1.5407154371084224,-0.7600319244561619,-1.1228084801576852,-0.3743051181921297,0.07260614867809903,-1.1237713349052476,-1.8597109150959,-0.5435553304269218,-0.2185083370694357,1.0129025496993858,0.5047297744149093,0
96,0,1,1,0,1,services,other,reputation,mother,1,1,1,1,0,1,1,0,-0.6114217963383591,1.3102156326801409,0.6308661935384804,0.5767179914572501,-1.1228084801576852,-0.3743051181921297,-0.9745358622571536,-0.1716465354881382,-0.1573803313198222,-0.5435553304269218,-0.99769465991594,0.3209301762731737,0.5047297744149093,0
629,1,0,1,0,1,other,other,course,mother,0,0,0,1,1,1,1,0,0.21013668362767604,-1.3360393847765342,-0.2789830500314615,-0.7600319244561619,-1.1228084801576852,-0.3743051181921297,-0.9745358622571536,1.7326030633460807,1.5449502524562555,-0.5435553304269218,0.5606779857770687,-1.7549869440054624,0.0734333641512146,0
160,0,0,0,0,1,at_home,services,course,father,0,0,0,0,0,1,0,1,-1.4329802763043944,-1.3360393847765342,-0.2789830500314615,-0.7600319244561619,0.08365294968062233,-0.3743051181921297,-2.0216778731924063,-0.1716465354881382,0.6937849605682166,0.5385532875088825,1.339864308623573,-1.7549869440054624,0.5047297744149093,0
584,1,0,1,0,1,at_home,other,course,mother,0,1,0,0,1,1,1,0,0.21013668362767604,-2.2181243905954258,-2.098681537171345,0.5767179914572501,-1.1228084801576852,-0.3743051181921297,0.07260614867809903,0.7804782639289712,-0.1573803313198222,-0.5435553304269218,-0.99769465991594,1.0129025496993858,-0.7891594563761749,0
531,1,1,0,0,1,at_home,services,other,mother,0,0,0,0,1,1,1,1,0.21013668362767604,-1.3360393847765342,-1.1888322936014033,1.9134679073706617,0.08365294968062233,-0.3743051181921297,1.1197481596133516,-2.075896134322357,-0.1573803313198222,1.6206619054446871,0.5606779857770687,-1.7549869440054624,-0.7891594563761749,0
81,0,1,0,0,1,other,other,home,mother,1,0,0,0,0,1,1,0,-1.4329802763043944,-0.4539543789576424,0.6308661935384804,-0.7600319244561619,1.2901143795189296,-0.3743051181921297,1.1197481596133516,-0.1716465354881382,-1.0085456232078611,-0.5435553304269218,-0.2185083370694357,1.0129025496993858,-0.3578630461124801,0
588,1,0,0,0,1,health,at_home,course,mother,0,1,0,0,1,1,0,1,0.21013668362767604,1.3102156326801409,-1.1888322936014033,-0.7600319244561619,-1.1228084801576852,-0.3743051181921297,-0.9745358622571536,-1.1237713349052476,-1.0085456232078611,-0.5435553304269218,-0.99769465991594,1.0129025496993858,-0.7891594563761749,0
111,0,0,1,0,1,services,other,reputation,father,1,1,0,1,1,1,1,0,-0.6114217963383591,0.4281306268612493,0.6308661935384804,-0.7600319244561619,1.2901143795189296,-0.3743051181921297,0.07260614867809903,-2.075896134322357,-1.0085456232078611,-0.5435553304269218,-0.99769465991594,-1.0630145705792504,0.0734333641512146,0
72,0,0,1,0,1,other,other,reputation,mother,1,1,0,0,0,1,1,1,-1.4329802763043944,-1.3360393847765342,-1.1888322936014033,-0.7600319244561619,0.08365294968062233,-0.3743051181921297,-0.9745358622571536,-0.1716465354881382,0.6937849605682166,0.5385532875088825,1.339864308623573,1.0129025496993858,-0.3578630461124801,0
415,0,0,0,0,1,teacher,other,home,other,0,1,0,0,1,1,1,1,1.8532536435597464,1.3102156326801409,1.5407154371084224,-0.7600319244561619,-1.1228084801576852,1.3126672547710103,-0.9745358622571536,-1.1237713349052476,1.5449502524562555,2.7027705233804906,1.339864308623573,1.0129025496993858,0.28908156928306195,0
552,1,1,0,0,1,other,other,other,mother,0,1,0,1,1,0,1,0,1.8532536435597464,-1.3360393847765342,-1.1888322936014033,-0.7600319244561619,0.08365294968062233,2.9996396277341506,0.07260614867809903,0.7804782639289712,-0.1573803313198222,1.6206619054446871,1.339864308623573,0.3209301762731737,-0.3578630461124801,0
280,0,1,1,1,1,other,services,course,mother,0,1,0,0,1,1,1,1,1.0316951635937113,0.4281306268612493,0.6308661935384804,-0.7600319244561619,0.08365294968062233,-0.3743051181921297,0.07260614867809903,-0.1716465354881382,-0.1573803313198222,-0.5435553304269218,0.5606779857770687,1.0129025496993858,0.936026184678604,0
189,0,1,0,1,1,teacher,other,course,mother,0,0,0,1,1,1,1,0,0.21013668362767604,1.3102156326801409,0.6308661935384804,0.5767179914572501,0.08365294968062233,-0.3743051181921297,0.07260614867809903,0.7804782639289712,0.6937849605682166,2.7027705233804906,1.339864308623573,0.3209301762731737,-0.7891594563761749,0
639,1,1,1,0,1,other,services,other,mother,0,0,0,0,1,1,0,0,1.8532536435597464,-1.3360393847765342,-1.1888322936014033,0.5767179914572501,-1.1228084801576852,1.3126672547710103,0.07260614867809903,-0.1716465354881382,-1.0085456232078611,-0.5435553304269218,0.5606779857770687,1.0129025496993858,-0.7891594563761749,0
443,1,1,1,1,1,health,services,reputation,father,0,1,0,1,1,1,1,0,-1.4329802763043944,1.3102156326801409,-1.1888322936014033,-0.7600319244561619,0.08365294968062233,-0.3743051181921297,1.1197481596133516,-0.1716465354881382,0.6937849605682166,-0.5435553304269218,-0.2185083370694357,-1.0630145705792504,0.7203779795467566,0
465,1,0,0,0,1,other,other,course,father,0,1,0,1,1,1,1,1,1.0316951635937113,-1.3360393847765342,-0.2789830500314615,-0.7600319244561619,0.08365294968062233,1.3126672547710103,-0.9745358622571536,0.7804782639289712,0.6937849605682166,0.5385532875088825,0.5606779857770687,1.0129025496993858,1.1516743898104516,0
76,0,1,0,0,1,teacher,other,course,mother,0,0,0,1,1,1,1,0,-1.4329802763043944,1.3102156326801409,-2.098681537171345,0.5767179914572501,2.4965758093572368,-0.3743051181921297,-0.9745358622571536,0.7804782639289712,-0.1573803313198222,-0.5435553304269218,-0.99769465991594,-1.7549869440054624,-0.7891594563761749,0
168,0,1,1,0,1,at_home,services,course,mother,1,0,1,1,1,1,0,0,-1.4329802763043944,-0.4539543789576424,0.6308661935384804,-0.7600319244561619,0.08365294968062233,-0.3743051181921297,0.07260614867809903,0.7804782639289712,0.6937849605682166,-0.5435553304269218,-0.99769465991594,-1.7549869440054624,-0.7891594563761749,0
535,1,1,1,0,1,other,services,course,mother,0,1,0,1,1,1,0,0,-1.4329802763043944,-1.3360393847765342,-0.2789830500314615,1.9134679073706617,0.08365294968062233,-0.3743051181921297,1.1197481596133516,1.7326030633460807,1.5449502524562555,-0.5435553304269218,0.5606779857770687,1.0129025496993858,1.5829708000741465,0
171,0,1,1,0,1,at_home,other,course,mother,0,0,0,0,0,1,0,0,-0.6114217963383591,-0.4539543789576424,-0.2789830500314615,1.9134679073706617,-1.1228084801576852,-0.3743051181921297,0.07260614867809903,-1.1237713349052476,-1.0085456232078611,-0.5435553304269218,-0.2185083370694357,-0.3710421971530383,0.0734333641512146,0
253,0,0,0,1,0,services,other,course,mother,0,1,0,0,1,1,1,0,1.0316951635937113,-0.4539543789576424,1.5407154371084224,0.5767179914572501,0.08365294968062233,1.3126672547710103,0.07260614867809903,-0.1716465354881382,-0.1573803313198222,-0.5435553304269218,-0.99769465991594,-0.3710421971530383,3.0925082359970784,0
626,1,0,1,0,1,other,teacher,other,father,0,1,0,0,0,1,1,1,1.0316951635937113,1.3102156326801409,1.5407154371084224,1.9134679073706617,0.08365294968062233,-0.3743051181921297,-0.9745358622571536,-1.1237713349052476,-1.0085456232078611,2.7027705233804906,-0.2185083370694357,1.0129025496993858,-0.7891594563761749,0
536,1,1,0,1,0,other,other,reputation,mother,0,1,0,1,1,1,0,0,-1.4329802763043944,-0.4539543789576424,-0.2789830500314615,1.9134679073706617,2.4965758093572368,-0.3743051181921297,1.1197481596133516,0.7804782639289712,1.5449502524562555,0.5385532875088825,0.5606779857770687,1.0129025496993858,0.936026184678604,1
91,0,0,0,0,1,services,other,reputation,mother,0,0,0,1,1,1,1,0,-1.4329802763043944,1.3102156326801409,0.6308661935384804,-0.7600319244561619,-1.1228084801576852,-0.3743051181921297,0.07260614867809903,1.7326030633460807,1.5449502524562555,-0.5435553304269218,0.5606779857770687,-1.7549869440054624,0.5047297744149093,1
596,1,0,0,0,1,other,other,course,mother,0,1,0,0,1,1,1,0,0.21013668362767604,1.3102156326801409,-0.2789830500314615,0.5767179914572501,0.08365294968062233,-0.3743051181921297,0.07260614867809903,-0.1716465354881382,-0.1573803313198222,-0.5435553304269218,-0.2185083370694357,0.3209301762731737,-0.7891594563761749,1
80,0,1,0,0,1,other,services,course,father,1,1,0,1,0,1,1,1,-1.4329802763043944,-0.4539543789576424,0.6308661935384804,-0.7600319244561619,-1.1228084801576852,-0.3743051181921297,-0.9745358622571536,-1.1237713349052476,-1.0085456232078611,-0.5435553304269218,0.5606779857770687,-0.3710421971530383,-0.7891594563761749,1
346,0,1,0,1,1,other,teacher,home,father,0,0,0,0,1,1,1,0,0.21013668362767604,1.3102156326801409,1.5407154371084224,0.5767179914572501,-1.1228084801576852,-0.3743051181921297,0.07260614867809903,-2.075896134322357,-1.8597109150959,0.5385532875088825,-0.2185083370694357,1.0129025496993858,-0.7891594563761749,1
636,1,1,0,0,1,teacher,teacher,home,father,0,0,0,1,0,1,1,0,1.0316951635937113,1.3102156326801409,1.5407154371084224,-0.7600319244561619,0.08365294968062233,-0.3743051181921297,-0.9745358622571536,-1.1237713349052476,0.6937849605682166,-0.5435553304269218,1.339864308623573,-1.0630145705792504,0.0734333641512146,1
365,0,0,0,0,0,services,services,course,mother,0,1,0,0,1,1,1,1,0.21013668362767604,1.3102156326801409,0.6308661935384804,-0.7600319244561619,0.08365294968062233,-0.3743051181921297,1.1197481596133516,-1.1237713349052476,-1.0085456232078611,-0.5435553304269218,-0.2185083370694357,1.0129025496993858,2.2299154154696885,1
7,0,0,0,0,0,other,teacher,home,mother,1,1,0,0,1,1,0,0,0.21013668362767604,1.3102156326801409,1.5407154371084224,0.5767179914572501,0.08365294968062233,-0.3743051181921297,0.07260614867809903,-2.075896134322357,0.6937849605682166,-0.5435553304269218,-0.99769465991594,-1.7549869440054624,-0.3578630461124801,1
307,0,1,0,0,1,services,other,other,mother,0,0,0,1,1,1,1,1,0.21013668362767604,0.4281306268612493,-1.1888322936014033,-0.7600319244561619,0.08365294968062233,-0.3743051181921297,1.1197481596133516,0.7804782639289712,0.6937849605682166,1.6206619054446871,1.339864308623573,1.0129025496993858,-0.7891594563761749,1
412,0,0,0,1,1,teacher,other,course,mother,0,1,0,1,1,1,1,0,1.0316951635937113,1.3102156326801409,-0.2789830500314615,-0.7600319244561619,0.08365294968062233,-0.3743051181921297,0.07260614867809903,-1.1237713349052476,-1.0085456232078611,-0.5435553304269218,-0.99769465991594,-0.3710421971530383,-0.7891594563761749,1
472,1,0,1,1,1,other,other,home,father,0,1,0,1,1,1,0,1,-0.6114217963383591,-0.4539543789576424,-0.2789830500314615,1.9134679073706617,-1.1228084801576852,-0.3743051181921297,0.07260614867809903,-0.1716465354881382,-1.0085456232078611,-0.5435553304269218,-0.99769465991594,0.3209301762731737,-0.7891594563761749,1
235,0,0,0,0,1,at_home,other,reputation,mother,0,1,0,1,1,1,0,1,0.21013668362767604,-1.3360393847765342,-1.1888322936014033,-0.7600319244561619,1.2901143795189296,-0.3743051181921297,0.07260614867809903,-0.1716465354881382,0.6937849605682166,-0.5435553304269218,-0.99769465991594,1.0129025496993858,1.7986190052059936,1
468,1,1,0,0,1,health,other,reputation,mother,0,0,0,0,1,1,0,0,-1.4329802763043944,-0.4539543789576424,-0.2789830500314615,1.9134679073706617,-1.1228084801576852,-0.3743051181921297,0.07260614867809903,-0.1716465354881382,-0.1573803313198222,-0.5435553304269218,-0.2185083370694357,0.3209301762731737,-0.5735112512443276,1
198,0,0,0,0,1,other,other,reputation,mother,0,1,0,0,1,1,1,0,-0.6114217963383591,0.4281306268612493,-0.2789830500314615,-0.7600319244561619,0.08365294968062233,-0.3743051181921297,-3.0688198841276586,-1.1237713349052476,-1.0085456232078611,-0.5435553304269218,-0.2185083370694357,-1.7549869440054624,0.936026184678604,1
461,1,0,1,0,1,at_home,other,other,mother,0,0,0,1,1,1,1,1,-0.6114217963383591,-1.3360393847765342,-1.1888322936014033,0.5767179914572501,-1.1228084801576852,-0.3743051181921297,0.07260614867809903,-1.1237713349052476,-1.0085456232078611,2.7027705233804906,0.5606779857770687,-1.0630145705792504,-0.7891594563761749,1
424,1,0,1,0,1,other,other,course,mother,0,1,0,1,1,1,1,0,-0.6114217963383591,-0.4539543789576424,-0.2789830500314615,0.5767179914572501,0.08365294968062233,-0.3743051181921297,0.07260614867809903,0.7804782639289712,0.6937849605682166,-0.5435553304269218,-0.99769465991594,1.0129025496993858,-0.7891594563761749,1
117,0,1,0,0,1,other,services,home,father,0,0,0,1,1,1,1,0,-0.6114217963383591,0.4281306268612493,0.6308661935384804,0.5767179914572501,-1.1228084801576852,-0.3743051181921297,1.1197481596133516,0.7804782639289712,-1.0085456232078611,-0.5435553304269218,-0.99769465991594,1.0129025496993858,0.5047297744149093,1
377,0,1,0,0,1,other,other,course,mother,0,0,0,1,1,1,1,0,1.0316951635937113,1.3102156326801409,1.5407154371084224,-0.7600319244561619,1.2901143795189296,-0.3743051181921297,0.07260614867809903,-0.1716465354881382,-0.1573803313198222,0.5385532875088825,-0.2185083370694357,-0.3710421971530383,-0.7891594563761749,1
141,0,0,1,0,1,at_home,other,course,mother,0,1,0,0,1,1,0,0,-0.6114217963383591,-1.3360393847765342,-1.1888322936014033,3.2502178232840735,0.08365294968062233,-0.3743051181921297,1.1197481596133516,-2.075896134322357,-0.1573803313198222,-0.5435553304269218,-0.99769465991594,-0.3710421971530383,-0.7891594563761749,1
458,1,0,1,0,1,other,other,home,father,0,1,0,0,0,1,1,0,-0.6114217963383591,-1.3360393847765342,-1.1888322936014033,3.2502178232840735,2.4965758093572368,-0.3743051181921297,0.07260614867809903,-0.1716465354881382,-1.0085456232078611,-0.5435553304269218,-0.99769465991594,-1.7549869440054624,-0.7891594563761749,1
339,0,1,1,1,1,services,other,reputation,mother,0,1,0,1,1,1,1,0,1.0316951635937113,0.4281306268612493,-0.2789830500314615,0.5767179914572501,1.2901143795189296,-0.3743051181921297,1.1197481596133516,0.7804782639289712,-1.0085456232078611,-0.5435553304269218,-0.99769465991594,0.3209301762731737,-0.7891594563761749,1
617,1,0,0,1,1,at_home,services,course,father,0,0,0,0,1,1,1,0,1.0316951635937113,-1.3360393847765342,-1.1888322936014033,0.5767179914572501,1.2901143795189296,-0.3743051181921297,1.1197481596133516,-0.1716465354881382,-1.0085456232078611,-0.5435553304269218,-0.99769465991594,0.3209301762731737,-0.7891594563761749,1
599,1,1,1,0,1,at_home,services,other,mother,0,1,1,1,1,1,1,1,1.0316951635937113,1.3102156326801409,1.5407154371084224,1.9134679073706617,-1.1228084801576852,-0.3743051181921297,-2.0216778731924063,1.7326030633460807,1.5449502524562555,-0.5435553304269218,-0.99769465991594,-1.7549869440054624,0.28908156928306195,1
12,0,1,0,1,1,health,services,course,father,0,1,0,1,1,1,1,0,-1.4329802763043944,1.3102156326801409,1.5407154371084224,-0.7600319244561619,-1.1228084801576852,-0.3743051181921297,0.07260614867809903,-0.1716465354881382,-0.1573803313198222,-0.5435553304269218,0.5606779857770687,1.0129025496993858,-0.7891594563761749,1
387,0,1,0,0,1,other,other,reputation,mother,0,0,0,0,0,1,1,0,1.0316951635937113,-0.4539543789576424,-0.2789830500314615,-0.7600319244561619,-1.1228084801576852,-0.3743051181921297,1.1197481596133516,0.7804782639289712,-1.0085456232078611,-0.5435553304269218,-0.2185083370694357,1.0129025496993858,0.5047297744149093,1
621,1,0,1,0,1,other,services,course,father,0,0,0,0,0,1,0,0,0.21013668362767604,-1.3360393847765342,-0.2789830500314615,0.5767179914572501,0.08365294968062233,-0.3743051181921297,-0.9745358622571536,-1.1237713349052476,-1.0085456232078611,-0.5435553304269218,-0.2185083370694357,-0.3710421971530383,-0.7891594563761749,1
331,0,1,0,0,1,other,other,reputation,father,0,0,0,0,0,1,1,0,0.21013668362767604,-1.3360393847765342,-1.1888322936014033,-0.7600319244561619,0.08365294968062233,-0.3743051181921297,0.07260614867809903,-0.1716465354881382,-0.1573803313198222,-0.5435553304269218,-0.2185083370694357,0.3209301762731737,-0.7891594563761749,1
84,0,0,0,0,1,other,other,home,father,0,1,0,1,0,1,1,0,-1.4329802763043944,-1.3360393847765342,-1.1888322936014033,-0.7600319244561619,0.08365294968062233,-0.3743051181921297,0.07260614867809903,-0.1716465354881382,-1.0085456232078611,0.5385532875088825,0.5606779857770687,0.3209301762731737,-0.3578630461124801,1
374,0,0,0,0,1,services,services,course,father,0,1,0,0,0,1,1,0,0.21013668362767604,0.4281306268612493,-1.1888322936014033,-0.7600319244561619,1.2901143795189296,-0.3743051181921297,-0.9745358622571536,0.7804782639289712,-0.1573803313198222,0.5385532875088825,0.5606779857770687,1.0129025496993858,-0.7891594563761749,1
46,0,0,0,1,0,other,services,home,mother,0,1,0,0,1,1,1,0,-0.6114217963383591,0.4281306268612493,0.6308661935384804,-0.7600319244561619,0.08365294968062233,-0.3743051181921297,-2.0216778731924063,-0.1716465354881382,1.5449502524562555,-0.5435553304269218,1.339864308623573,-0.3710421971530383,0.5047297744149093,1
375,0,0,0,1,1,at_home,at_home,home,father,0,0,0,0,1,1,1,0,0.21013668362767604,-2.2181243905954258,-0.2789830500314615,0.5767179914572501,1.2901143795189296,-0.3743051181921297,-0.9745358622571536,-0.1716465354881382,-0.1573803313198222,0.5385532875088825,0.5606779857770687,-1.0630145705792504,-0.7891594563761749,1
546,1,0,0,0,1,health,health,course,father,0,1,0,0,1,1,1,0,0.21013668362767604,1.3102156326801409,1.5407154371084224,-0.7600319244561619,0.08365294968062233,-0.3743051181921297,1.1197481596133516,-1.1237713349052476,1.5449502524562555,-0.5435553304269218,-0.99769465991594,1.0129025496993858,-0.7891594563761749,1
407,0,0,0,1,1,other,other,reputation,other,0,0,1,1,1,1,1,0,3.4963706034918167,1.3102156326801409,1.5407154371084224,-0.7600319244561619,1.2901143795189296,2.9996396277341506,-0.9745358622571536,-0.1716465354881382,-1.0085456232078611,-0.5435553304269218,-0.99769465991594,1.0129025496993858,-0.7891594563761749,1
20,0,1,0,0,1,teacher,other,reputation,mother,0,0,0,0,1,1,1,0,-1.4329802763043944,1.3102156326801409,0.6308661935384804,-0.7600319244561619,0.08365294968062233,-0.3743051181921297,0.07260614867809903,0.7804782639289712,-1.8597109150959,-0.5435553304269218,-0.99769465991594,-1.7549869440054624,-0.7891594563761749,1
129,0,1,0,0,1,other,other,course,mother,0,1,0,0,0,1,1,1,-0.6114217963383591,-0.4539543789576424,0.6308661935384804,0.5767179914572501,1.2901143795189296,-0.3743051181921297,-0.9745358622571536,-1.1237713349052476,-0.1573803313198222,0.5385532875088825,-0.2185083370694357,-1.7549869440054624,0.0734333641512146,1
109,0,0,0,1,1,health,health,other,mother,0,1,0,1,1,1,1,1,-0.6114217963383591,1.3102156326801409,1.5407154371084224,-0.7600319244561619,1.2901143795189296,-0.3743051181921297,1.1197481596133516,0.7804782639289712,1.5449502524562555,-0.5435553304269218,-0.99769465991594,0.3209301762731737,-0.3578630461124801,1
225,0,1,0,1,1,services,other,home,mother,0,1,0,0,1,1,1,1,0.21013668362767604,1.3102156326801409,1.5407154371084224,-0.7600319244561619,0.08365294968062233,-0.3743051181921297,1.1197481596133516,-0.1716465354881382,1.5449502524562555,2.7027705233804906,2.1190506314700777,-0.3710421971530383,2.445563620601536,1
110,0,1,0,1,0,teacher,teacher,course,mother,0,0,0,1,1,1,1,0,-1.4329802763043944,1.3102156326801409,1.5407154371084224,-0.7600319244561619,-1.1228084801576852,-0.3743051181921297,1.1197481596133516,1.7326030633460807,-0.1573803313198222,-0.5435553304269218,-0.99769465991594,0.3209301762731737,0.0734333641512146,1
183,0,0,0,0,1,health,health,reputation,mother,0,1,0,0,1,1,1,1,-0.6114217963383591,1.3102156326801409,1.5407154371084224,-0.7600319244561619,0.08365294968062233,-0.3743051181921297,0.07260614867809903,0.7804782639289712,-1.0085456232078611,-0.5435553304269218,-0.99769465991594,-0.3710421971530383,-0.7891594563761749,1
542,1,0,0,0,1,teacher,services,course,mother,0,1,0,0,1,1,1,1,-0.6114217963383591,1.3102156326801409,1.5407154371084224,0.5767179914572501,1.2901143795189296,-0.3743051181921297,1.1197481596133516,-0.1716465354881382,1.5449502524562555,-0.5435553304269218,1.339864308623573,1.0129025496993858,-0.5735112512443276,1
17,0,0,0,0,1,other,other,reputation,mother,1,1,0,1,1,1,0,0,-0.6114217963383591,0.4281306268612493,0.6308661935384804,1.9134679073706617,0.08365294968062233,-0.3743051181921297,1.1197481596133516,-0.1716465354881382,-1.0085456232078611,-0.5435553304269218,-0.99769465991594,0.3209301762731737,-0.3578630461124801,1
471,1,0,1,0,1,at_home,other,course,mother,0,1,0,1,0,1,0,0,-0.6114217963383591,-0.4539543789576424,-0.2789830500314615,0.5767179914572501,0.08365294968062233,1.3126672547710103,0.07260614867809903,0.7804782639289712,0.6937849605682166,0.5385532875088825,0.5606779857770687,1.0129025496993858,-0.3578630461124801,1
218,0,0,1,0,1,services,services,reputation,mother,0,1,0,1,0,1,1,0,-0.6114217963383591,-0.4539543789576424,-0.2789830500314615,0.5767179914572501,2.4965758093572368,-0.3743051181921297,1.1197481596133516,-0.1716465354881382,1.5449502524562555,-0.5435553304269218,-0.99769465991594,1.0129025496993858,0.5047297744149093,1
28,0,1,0,1,0,services,other,home,mother,1,1,1,1,1,1,1,0,-0.6114217963383591,0.4281306268612493,1.5407154371084224,-0.7600319244561619,0.08365294968062233,-0.3743051181921297,1.1197481596133516,-0.1716465354881382,-0.1573803313198222,-0.5435553304269218,-0.99769465991594,1.0129025496993858,-0.3578630461124801,1
330,0,0,0,0,1,other,other,reputation,mother,0,0,0,1,1,1,1,1,1.0316951635937113,-0.4539543789576424,-1.1888322936014033,0.5767179914572501,0.08365294968062233,-0.3743051181921297,0.07260614867809903,-0.1716465354881382,-1.8597109150959,-0.5435553304269218,-0.99769465991594,1.0129025496993858,1.3673225949422991,1
202,0,0,0,0,0,health,other,reputation,mother,0,1,0,0,0,1,1,1,0.21013668362767604,0.4281306268612493,0.6308661935384804,-0.7600319244561619,0.08365294968062233,-0.3743051181921297,-0.9745358622571536,-0.1716465354881382,-0.1573803313198222,-0.5435553304269218,0.5606779857770687,-0.3710421971530383,1.3673225949422991,1
394,0,0,1,0,0,other,other,home,mother,0,1,0,0,1,1,1,0,0.21013668362767604,0.4281306268612493,-0.2789830500314615,-0.7600319244561619,0.08365294968062233,-0.3743051181921297,0.07260614867809903,-0.1716465354881382,-0.1573803313198222,0.5385532875088825,0.5606779857770687,-1.0630145705792504,-0.7891594563761749,1
199,0,1,0,0,1,services,services,other,mother,0,1,0,1,1,1,1,1,0.21013668362767604,0.4281306268612493,0.6308661935384804,-0.7600319244561619,0.08365294968062233,-0.3743051181921297,0.07260614867809903,-0.1716465354881382,0.6937849605682166,0.5385532875088825,0.5606779857770687,0.3209301762731737,0.5047297744149093,1
38,0,0,1,0,1,services,health,course,mother,1,1,0,1,1,1,1,0,-1.4329802763043944,0.4281306268612493,1.5407154371084224,-0.7600319244561619,1.2901143795189296,-0.3743051181921297,0.07260614867809903,-0.1716465354881382,-1.0085456232078611,-0.5435553304269218,-0.99769465991594,1.0129025496993858,-0.3578630461124801,1
329,0,0,0,0,1,other,other,course,mother,0,1,0,0,0,1,1,0,0.21013668362767604,-0.4539543789576424,-0.2789830500314615,-0.7600319244561619,0.08365294968062233,-0.3743051181921297,1.1197481596133516,0.7804782639289712,1.5449502524562555,-0.5435553304269218,-0.2185083370694357,1.0129025496993858,1.7986190052059936,1
21,0,1,0,0,1,health,health,other,father,0,1,1,0,1,1,1,0,-1.4329802763043944,1.3102156326801409,1.5407154371084224,-0.7600319244561619,-1.1228084801576852,-0.3743051181921297,1.1197481596133516,0.7804782639289712,-1.0085456232078611,-0.5435553304269218,-0.99769465991594,1.0129025496993858,-0.7891594563761749,1
271,0,0,0,0,1,teacher,services,course,mother,0,1,1,0,1,1,1,1,0.21013668362767604,1.3102156326801409,1.5407154371084224,-0.7600319244561619,0.08365294968062233,-0.3743051181921297,1.1197481596133516,-0.1716465354881382,-1.8597109150959,-0.5435553304269218,1.339864308623573,1.0129025496993858,-0.3578630461124801,1
204,0,0,0,0,1,services,services,course,mother,0,0,0,0,1,1,1,0,-0.6114217963383591,-0.4539543789576424,0.6308661935384804,-0.7600319244561619,0.08365294968062233,-0.3743051181921297,0.07260614867809903,-0.1716465354881382,-0.1573803313198222,-0.5435553304269218,-0.99769465991594,-1.0630145705792504,0.5047297744149093,1
409,0,1,0,1,0,other,other,reputation,other,0,0,0,1,1,1,1,1,1.0316951635937113,0.4281306268612493,1.5407154371084224,-0.7600319244561619,0.08365294968062233,-0.3743051181921297,0.07260614867809903,-0.1716465354881382,1.5449502524562555,-0.5435553304269218,1.339864308623573,-1.0630145705792504,1.1516743898104516,1
59,0,0,0,0,1,services,other,course,mother,0,1,1,0,1,1,1,0,-0.6114217963383591,1.3102156326801409,-0.2789830500314615,-0.7600319244561619,0.08365294968062233,-0.3743051181921297,0.07260614867809903,-1.1237713349052476,-0.1573803313198222,-0.5435553304269218,-0.99769465991594,1.0129025496993858,-0.3578630461124801,1
555,1,0,1,0,1,other,other,home,father,1,1,0,0,0,1,1,1,-0.6114217963383591,-1.3360393847765342,-0.2789830500314615,-0.7600319244561619,1.2901143795189296,-0.3743051181921297,0.07260614867809903,-0.1716465354881382,0.6937849605682166,-0.5435553304269218,-0.99769465991594,-0.3710421971530383,0.28908156928306195,1
437,1,0,1,0,1,other,other,other,mother,0,1,0,1,1,1,0,0,-0.6114217963383591,-2.2181243905954258,-0.2789830500314615,0.5767179914572501,-1.1228084801576852,-0.3743051181921297,-0.9745358622571536,-1.1237713349052476,-0.1573803313198222,-0.5435553304269218,-0.2185083370694357,-1.0630145705792504,-0.7891594563761749,1
22,0,1,0,1,1,teacher,other,course,mother,0,0,0,1,1,1,1,0,-0.6114217963383591,1.3102156326801409,-0.2789830500314615,-0.7600319244561619,0.08365294968062233,-0.3743051181921297,0.07260614867809903,1.7326030633460807,-1.8597109150959,-0.5435553304269218,0.5606779857770687,1.0129025496993858,-0.7891594563761749,1
316,0,0,0,0,1,at_home,health,reputation,mother,0,1,0,0,1,1,1,1,0.21013668362767604,-0.4539543789576424,1.5407154371084224,0.5767179914572501,0.08365294968062233,-0.3743051181921297,0.07260614867809903,-0.1716465354881382,-0.1573803313198222,-0.5435553304269218,-0.99769465991594,-1.7549869440054624,0.5047297744149093,1
388,0,0,0,0,1,services,services,home,mother,0,0,0,1,1,1,1,0,1.0316951635937113,0.4281306268612493,0.6308661935384804,-0.7600319244561619,0.08365294968062233,-0.3743051181921297,1.1197481596133516,-0.1716465354881382,0.6937849605682166,-0.5435553304269218,-0.99769465991594,0.3209301762731737,0.936026184678604,1
395,0,1,0,0,1,teacher,services,home,father,0,1,0,1,1,1,1,0,1.0316951635937113,1.3102156326801409,1.5407154371084224,-0.7600319244561619,0.08365294968062233,-0.3743051181921297,0.07260614867809903,-0.1716465354881382,-0.1573803313198222,0.5385532875088825,-0.2185083370694357,-1.0630145705792504,-0.7891594563761749,1
98,0,0,0,0,1,other,other,reputation,mother,0,0,0,1,0,1,1,0,-0.6114217963383591,1.3102156326801409,1.5407154371084224,-0.7600319244561619,-1.1228084801576852,-0.3743051181921297,1.1197481596133516,-0.1716465354881382,0.6937849605682166,-0.5435553304269218,-0.2185083370694357,-1.7549869440054624,0.0734333641512146,1
634,1,0,0,0,1,other,other,home,mother,0,0,0,0,1,1,1,1,1.0316951635937113,0.4281306268612493,0.6308661935384804,-0.7600319244561619,0.08365294968062233,-0.3743051181921297,0.07260614867809903,-2.075896134322357,-0.1573803313198222,-0.5435553304269218,-0.2185083370694357,-1.7549869440054624,-0.5735112512443276,1
147,0,0,0,0,1,teacher,teacher,course,mother,0,0,0,1,1,1,1,0,-1.4329802763043944,1.3102156326801409,1.5407154371084224,0.5767179914572501,-1.1228084801576852,-0.3743051181921297,0.07260614867809903,-0.1716465354881382,-1.0085456232078611,-0.5435553304269218,-0.99769465991594,1.0129025496993858,0.5047297744149093,1
414,0,0,1,0,1,other,other,reputation,other,0,0,0,0,1,1,1,1,2.674812123525782,-1.3360393847765342,-1.1888322936014033,0.5767179914572501,1.2901143795189296,-0.3743051181921297,-0.9745358622571536,-1.1237713349052476,-1.0085456232078611,-0.5435553304269218,0.5606779857770687,-0.3710421971530383,0.936026184678604,1
119,0,1,0,0,1,other,other,reputation,father,0,0,0,0,1,1,1,0,-1.4329802763043944,0.4281306268612493,1.5407154371084224,-0.7600319244561619,-1.1228084801576852,-0.3743051181921297,-0.9745358622571536,0.7804782639289712,-0.1573803313198222,-0.5435553304269218,-0.2185083370694357,0.3209301762731737,-0.3578630461124801,1
630,1,0,1,1,1,other,other,reputation,mother,0,0,0,0,1,1,1,0,1.0316951635937113,1.3102156326801409,1.5407154371084224,0.5767179914572501,1.2901143795189296,-0.3743051181921297,1.1197481596133516,0.7804782639289712,0.6937849605682166,-0.5435553304269218,-0.99769465991594,-1.7549869440054624,-0.7891594563761749,1
300,0,0,0,0,1,services,other,home,father,0,1,0,0,1,1,1,1,1.0316951635937113,1.3102156326801409,0.6308661935384804,-0.7600319244561619,0.08365294968062233,-0.3743051181921297,-0.9745358622571536,-2.075896134322357,-1.0085456232078611,-0.5435553304269218,0.5606779857770687,-1.0630145705792504,-0.3578630461124801,1
31,0,1,0,0,1,services,services,reputation,mother,0,1,0,1,1,1,1,0,-1.4329802763043944,1.3102156326801409,1.5407154371084224,0.5767179914572501,0.08365294968062233,-0.3743051181921297,0.07260614867809903,-0.1716465354881382,-1.8597109150959,-0.5435553304269218,-0.99769465991594,1.0129025496993858,-0.3578630461124801,1
252,0,0,0,0,0,other,other,home,mother,0,0,0,1,1,1,1,1,-0.6114217963383591,1.3102156326801409,-1.1888322936014033,-0.7600319244561619,0.08365294968062233,-0.3743051181921297,1.1197481596133516,-0.1716465354881382,-0.1573803313198222,-0.5435553304269218,-0.2185083370694357,1.0129025496993858,-0.7891594563761749,1
